-- phpMyAdmin SQL Dump
-- version 4.7.0
-- https://www.phpmyadmin.net/
--
-- Host: 127.0.0.1
-- Generation Time: 19 Jun 2018 pada 12.44
-- Versi Server: 10.1.25-MariaDB
-- PHP Version: 5.6.31

SET SQL_MODE = "NO_AUTO_VALUE_ON_ZERO";
SET AUTOCOMMIT = 0;
START TRANSACTION;
SET time_zone = "+00:00";


/*!40101 SET @OLD_CHARACTER_SET_CLIENT=@@CHARACTER_SET_CLIENT */;
/*!40101 SET @OLD_CHARACTER_SET_RESULTS=@@CHARACTER_SET_RESULTS */;
/*!40101 SET @OLD_COLLATION_CONNECTION=@@COLLATION_CONNECTION */;
/*!40101 SET NAMES utf8mb4 */;

--
-- Database: `ta_basdat`
--

-- --------------------------------------------------------

--
-- Struktur dari tabel `barang`
--

CREATE TABLE `barang` (
  `ID_BARANG` varchar(6) NOT NULL,
  `ID_JENIS` varchar(6) DEFAULT NULL,
  `ID_SUPPLIER` varchar(6) DEFAULT NULL,
  `ID_CABANG` varchar(6) DEFAULT NULL,
  `NAMA_BARANG` varchar(50) NOT NULL,
  `STOK_BARANG` int(11) NOT NULL,
  `HARGA_POKOK` int(11) NOT NULL,
  `HARGA_JUAL` int(11) NOT NULL
) ENGINE=InnoDB DEFAULT CHARSET=latin1;

--
-- Dumping data untuk tabel `barang`
--

INSERT INTO `barang` (`ID_BARANG`, `ID_JENIS`, `ID_SUPPLIER`, `ID_CABANG`, `NAMA_BARANG`, `STOK_BARANG`, `HARGA_POKOK`, `HARGA_JUAL`) VALUES
('BR0001', 'JB0001', 'SP0003', 'CB0005', 'ROTI TAWAR', 10000, 5400, 6000),
('BR0002', 'JB0003', 'SP0002', 'CB0007', 'PEPSODENT', 10000, 3000, 3200),
('BR0003', 'JB0002', 'SP0001', 'CB0008', 'FANTA', 10000, 4500, 5000),
('BR0004', 'JB0004', 'SP0005', 'CB0001', 'MAICI', 10000, 10000, 11000),
('BR0005', 'JB0005', 'SP0004', 'CB0010', 'WALLS', 10000, 2000, 3000),
('BR0006', 'JB0006', 'SP0005', 'CB0007', 'CLEAR', 10000, 8000, 9000),
('BR0007', 'JB0002', 'SP0003', 'CB0005', 'BINTANG', 10000, 20000, 22000),
('BR0008', 'JB0010', 'SP0002', 'CB0001', 'SAMPOERNA', 10000, 12000, 14000),
('BR0009', 'JB0009', 'SP0001', 'CB0006', 'PASEO', 10000, 9000, 10000),
('BR0010', 'JB0011', 'SP0005', 'CB0010', 'INDOMIE', 10000, 2000, 3000),
('BR0011', 'JB0001', 'SP0003', 'CB0008', 'SARI ROTI', 10000, 3000, 4500),
('BR0012', 'JB0003', 'SP0002', 'CB0010', 'CLOSE UP', 10000, 2500, 3000),
('BR0013', 'JB0002', 'SP0001', 'CB0002', 'SPRITE', 10000, 4500, 5000),
('BR0014', 'JB0004', 'SP0005', 'CB0004', 'CHEETOS', 10000, 6000, 6700),
('BR0015', 'JB0005', 'SP0004', 'CB0008', 'CAMPINA', 10000, 8500, 9200),
('BR0016', 'JB0006', 'SP0005', 'CB0007', 'HEAD & SHOULDIER', 10000, 10000, 11000),
('BR0017', 'JB0002', 'SP0003', 'CB0010', 'NUTRIBOOST', 10000, 6000, 6500),
('BR0018', 'JB0010', 'SP0002', 'CB0009', 'DJI SAM SOE KRETEK', 10000, 17000, 18500),
('BR0019', 'JB0009', 'SP0001', 'CB0009', 'FACIAL TISSUE', 10000, 9500, 11000),
('BR0020', 'JB0011', 'SP0005', 'CB0004', 'SAMYANG ', 10000, 9000, 11000),
('BR0021', 'JB0016', 'SP0004', 'CB0007', 'SUNLIGHT', 10000, 3500, 4500),
('BR0022', 'JB0004', 'SP0005', 'CB0001', 'TARO', 10000, 5500, 6500),
('BR0023', 'JB0003', 'SP0003', 'CB0002', 'SENSODYNE', 10000, 7500, 8500),
('BR0024', 'JB0002', 'SP0003', 'CB0009', 'MIZONE', 10000, 4500, 5500),
('BR0025', 'JB0004', 'SP0005', 'CB0004', 'LAY\'S', 10000, 4000, 5000),
('BR0026', 'JB0017', 'SP0003', 'CB0005', 'RINSO', 10000, 3500, 4500),
('BR0027', 'JB0012', 'SP0002', 'CB0008', 'MASAKO', 10000, 2000, 3000),
('BR0028', 'JB0005', 'SP0003', 'CB0001', 'AICE', 10000, 5000, 6000),
('BR0029', 'JB0006', 'SP0004', 'CB0007', 'EMERON', 10000, 10000, 11000),
('BR0030', 'JB0014', 'SP0001', 'CB0002', 'POND\'S', 10000, 8000, 9000),
('BR0031', 'JB0006', 'SP0003', 'CB0009', 'PANTENE', 10000, 9000, 10000),
('BR0032', 'JB0007', 'SP0002', 'CB0001', 'BIMOLI', 10000, 21500, 22000),
('BR0033', 'JB0014', 'SP0004', 'CB0007', 'KATENBAT', 10000, 3000, 5000),
('BR0034', 'JB0010', 'SP0003', 'CB0002', 'MARLBORO', 10000, 23000, 25500),
('BR0035', 'JB0011', 'SP0003', 'CB0007', 'SARIMI', 10000, 2000, 2500),
('BR0036', 'JB0002', 'SP0002', 'CB0002', 'COCA COLA', 10000, 4500, 5000),
('BR0037', 'JB0017', 'SP0001', 'CB0005', 'SOKLIN', 10000, 15500, 16000),
('BR0038', 'JB0017', 'SP0005', 'CB0003', 'BAYCLIN', 10000, 11000, 11500),
('BR0039', 'JB0017', 'SP0004', 'CB0007', 'DAIA', 10000, 14000, 14500),
('BR0040', 'JB0001', 'SP0005', 'CB0002', 'POCKY', 10000, 7000, 7500),
('BR0041', 'JB0001', 'SP0003', 'CB0001', 'RING', 10000, 5000, 5500),
('BR0042', 'JB0002', 'SP0002', 'CB0009', 'BEAR BRAND', 10000, 8000, 8500),
('BR0043', 'JB0001', 'SP0001', 'CB0003', 'ARNOT\'S', 10000, 60000, 61000),
('BR0044', 'JB0018', 'SP0005', 'CB0002', 'INZA', 10000, 2000, 2500),
('BR0045', 'JB0018', 'SP0003', 'CB0003', 'NEOZEP', 10000, 2500, 3000),
('BR0046', 'JB0018', 'SP0002', 'CB0001', 'PROCOLD', 10000, 2000, 2500),
('BR0047', 'JB0012', 'SP0001', 'CB0005', 'ROYCO', 10000, 8000, 8500),
('BR0048', 'JB0008', 'SP0005', 'CB0008', 'GATSBY', 10000, 28000, 28500),
('BR0049', 'JB0008', 'SP0004', 'CB0003', 'AXE', 10000, 49500, 50000),
('BR0050', 'JB0008', 'SP0005', 'CB0009', 'VITALIS', 10000, 17500, 18000);

-- --------------------------------------------------------

--
-- Struktur dari tabel `cabang`
--

CREATE TABLE `cabang` (
  `ID_CABANG` varchar(6) NOT NULL,
  `ID_TOKO` varchar(6) DEFAULT NULL,
  `ID_KOTA` varchar(6) DEFAULT NULL,
  `ALAMAT_CABANG` varchar(100) NOT NULL,
  `TELEPON_CABANG` varchar(15) NOT NULL
) ENGINE=InnoDB DEFAULT CHARSET=latin1;

--
-- Dumping data untuk tabel `cabang`
--

INSERT INTO `cabang` (`ID_CABANG`, `ID_TOKO`, `ID_KOTA`, `ALAMAT_CABANG`, `TELEPON_CABANG`) VALUES
('CB0001', 'TK0001', 'KT0001', 'Jl. Bandung No. 41 ', '085796462811'),
('CB0002', 'TK0002', 'KT0002', 'Jl.Soekarno Hatta No. 80', '082164289712'),
('CB0003', 'TK0003', 'KT0003', 'Jl. Merdeka No. 1', '087468561233'),
('CB0004', 'TK0003', 'KT0004', 'Jl. Diponegoro No.4', '089465831254'),
('CB0005', 'TK0002', 'KT0005', 'Jl. Merdeka Barat No. 14', '085846852145'),
('CB0006', 'TK0001', 'KT0005', 'Jl. M.T Haryono No.9', '085201301206'),
('CB0007', 'TK0002', 'KT0004', 'Jl.Panglima Sudirman No. 6', '082123156457'),
('CB0008', 'TK0003', 'KT0003', 'Jl.Cempakasari No.5', '085795864508'),
('CB0009', 'TK0001', 'KT0002', 'Jl. Gunung Jati No. 21', '081230023659'),
('CB0010', 'TK0001', 'KT0001', 'Jl. Anggrek No. 10', '087984650110');

-- --------------------------------------------------------

--
-- Struktur dari tabel `detail_transaksi`
--

CREATE TABLE `detail_transaksi` (
  `ID_DETAIL` varchar(6) NOT NULL,
  `ID_TRANSAKSI` varchar(24) DEFAULT NULL,
  `ID_BARANG` varchar(6) DEFAULT NULL,
  `JUMLAH` int(11) NOT NULL,
  `SUB_TOTAL` int(11) NOT NULL
) ENGINE=InnoDB DEFAULT CHARSET=latin1;

--
-- Dumping data untuk tabel `detail_transaksi`
--

INSERT INTO `detail_transaksi` (`ID_DETAIL`, `ID_TRANSAKSI`, `ID_BARANG`, `JUMLAH`, `SUB_TOTAL`) VALUES
('DT0001', 'TR0001/CB0001/TK0001', 'BR0004', 72, 792000),
('DT0002', 'TR0001/CB0001/TK0001', 'BR0008', 62, 868000),
('DT0003', 'TR0002/CB0001/TK0001', 'BR0022', 12, 78000),
('DT0004', 'TR0002/CB0001/TK0001', 'BR0028', 7, 42000),
('DT0005', 'TR0003/CB0001/TK0001', 'BR0032', 63, 1386000),
('DT0006', 'TR0003/CB0001/TK0001', 'BR0041', 81, 445500),
('DT0007', 'TR0004/CB0002/TK0002', 'BR0046', 44, 110000),
('DT0008', 'TR0004/CB0002/TK0002', 'BR0013', 6, 30000),
('DT0009', 'TR0005/CB0002/TK0002', 'BR0023', 19, 161500),
('DT0010', 'TR0005/CB0002/TK0002', 'BR0030', 53, 477000),
('DT0011', 'TR0006/CB0002/TK0002', 'BR0034', 58, 1479000),
('DT0012', 'TR0006/CB0002/TK0002', 'BR0036', 96, 480000),
('DT0013', 'TR0007/CB0003/TK0003', 'BR0040', 62, 465000),
('DT0014', 'TR0007/CB0003/TK0003', 'BR0044', 32, 80000),
('DT0015', 'TR0008/CB0003/TK0003', 'BR0038', 11, 126500),
('DT0016', 'TR0008/CB0003/TK0003', 'BR0043', 66, 4026000),
('DT0017', 'TR0009/CB0004/TK0003', 'BR0045', 42, 126000),
('DT0018', 'TR0009/CB0004/TK0003', 'BR0049', 80, 4000000),
('DT0019', 'TR0010/CB0004/TK0003', 'BR0014', 59, 395300),
('DT0020', 'TR0010/CB0004/TK0003', 'BR0020', 87, 957000),
('DT0021', 'TR0011/CB0005/TK0002', 'BR0025', 37, 185000),
('DT0022', 'TR0011/CB0005/TK0002', 'BR0001', 5, 30000),
('DT0023', 'TR0012/CB0005/TK0002', 'BR0007', 79, 1738000),
('DT0024', 'TR0012/CB0005/TK0002', 'BR0026', 9, 40500),
('DT0025', 'TR0013/CB0005/TK0002', 'BR0037', 91, 1456000),
('DT0026', 'TR0013/CB0005/TK0002', 'BR0047', 9, 76500),
('DT0027', 'TR0014/CB0006/TK0001', 'BR0009', 23, 230000),
('DT0028', 'TR0014/CB0006/TK0001', 'BR0002', 44, 140800),
('DT0029', 'TR0015/CB0006/TK0001', 'BR0006', 50, 450000),
('DT0030', 'TR0015/CB0006/TK0001', 'BR0016', 74, 814000),
('DT0031', 'TR0016/CB0007/TK0002', 'BR0021', 28, 126000),
('DT0032', 'TR0016/CB0007/TK0002', 'BR0029', 8, 88000),
('DT0033', 'TR0017/CB0007/TK0002', 'BR0033', 41, 205000),
('DT0034', 'TR0017/CB0007/TK0002', 'BR0035', 8, 20000),
('DT0035', 'TR0018/CB0008/TK0003', 'BR0039', 15, 217500),
('DT0036', 'TR0018/CB0008/TK0003', 'BR0003', 69, 345000),
('DT0037', 'TR0019/CB0008/TK0003', 'BR0011', 84, 378000),
('DT0038', 'TR0019/CB0008/TK0003', 'BR0015', 50, 460000),
('DT0039', 'TR0020/CB0008/TK0003', 'BR0027', 90, 270000),
('DT0040', 'TR0020/CB0008/TK0003', 'BR0048', 11, 313500),
('DT0041', 'TR0021/CB0009/TK0001', 'BR0018', 10, 185000),
('DT0042', 'TR0021/CB0009/TK0001', 'BR0019', 56, 616000),
('DT0043', 'TR0022/CB0009/TK0001', 'BR0024', 4, 22000),
('DT0044', 'TR0022/CB0009/TK0001', 'BR0031', 2, 20000),
('DT0045', 'TR0023/CB0009/TK0001', 'BR0042', 66, 561000),
('DT0046', 'TR0023/CB0009/TK0001', 'BR0050', 62, 1116000),
('DT0047', 'TR0024/CB0010/TK0001', 'BR0005', 27, 81000),
('DT0048', 'TR0024/CB0010/TK0001', 'BR0010', 79, 237000),
('DT0049', 'TR0025/CB0010/TK0001', 'BR0012', 59, 177000),
('DT0050', 'TR0025/CB0010/TK0001', 'BR0017', 14, 91000),
('DT0051', 'TR0026/CB0001/TK0001', 'BR0004', 83, 913000),
('DT0052', 'TR0026/CB0001/TK0001', 'BR0008', 51, 714000),
('DT0053', 'TR0027/CB0001/TK0001', 'BR0022', 89, 578500),
('DT0054', 'TR0027/CB0001/TK0001', 'BR0028', 61, 366000),
('DT0055', 'TR0028/CB0001/TK0001', 'BR0032', 63, 1386000),
('DT0056', 'TR0028/CB0001/TK0001', 'BR0041', 37, 203500),
('DT0057', 'TR0029/CB0002/TK0002', 'BR0046', 23, 57500),
('DT0058', 'TR0029/CB0002/TK0002', 'BR0013', 50, 250000),
('DT0059', 'TR0030/CB0002/TK0002', 'BR0023', 52, 442000),
('DT0060', 'TR0030/CB0002/TK0002', 'BR0030', 84, 756000),
('DT0061', 'TR0031/CB0002/TK0002', 'BR0034', 46, 1173000),
('DT0062', 'TR0031/CB0002/TK0002', 'BR0036', 96, 480000),
('DT0063', 'TR0032/CB0003/TK0003', 'BR0040', 73, 547500),
('DT0064', 'TR0032/CB0003/TK0003', 'BR0044', 63, 157500),
('DT0065', 'TR0033/CB0003/TK0003', 'BR0038', 100, 1150000),
('DT0066', 'TR0033/CB0003/TK0003', 'BR0043', 17, 1037000),
('DT0067', 'TR0034/CB0004/TK0003', 'BR0045', 13, 39000),
('DT0068', 'TR0034/CB0004/TK0003', 'BR0049', 76, 3800000),
('DT0069', 'TR0035/CB0004/TK0003', 'BR0014', 27, 180900),
('DT0070', 'TR0035/CB0004/TK0003', 'BR0020', 1, 11000),
('DT0071', 'TR0036/CB0005/TK0002', 'BR0025', 70, 350000),
('DT0072', 'TR0036/CB0005/TK0002', 'BR0001', 52, 312000),
('DT0073', 'TR0037/CB0005/TK0002', 'BR0007', 1, 22000),
('DT0074', 'TR0037/CB0005/TK0002', 'BR0026', 17, 76500),
('DT0075', 'TR0038/CB0005/TK0002', 'BR0037', 70, 1120000),
('DT0076', 'TR0038/CB0005/TK0002', 'BR0047', 69, 586500),
('DT0077', 'TR0039/CB0006/TK0001', 'BR0009', 11, 110000),
('DT0078', 'TR0039/CB0006/TK0001', 'BR0002', 32, 102400),
('DT0079', 'TR0040/CB0006/TK0001', 'BR0006', 27, 243000),
('DT0080', 'TR0040/CB0006/TK0001', 'BR0016', 41, 451000),
('DT0081', 'TR0041/CB0007/TK0002', 'BR0021', 45, 202500),
('DT0082', 'TR0041/CB0007/TK0002', 'BR0029', 77, 847000),
('DT0083', 'TR0042/CB0007/TK0002', 'BR0033', 4, 20000),
('DT0084', 'TR0042/CB0007/TK0002', 'BR0035', 88, 220000),
('DT0085', 'TR0043/CB0008/TK0003', 'BR0039', 18, 261000),
('DT0086', 'TR0043/CB0008/TK0003', 'BR0003', 29, 145000),
('DT0087', 'TR0044/CB0008/TK0003', 'BR0011', 23, 103500),
('DT0088', 'TR0044/CB0008/TK0003', 'BR0015', 35, 322000),
('DT0089', 'TR0045/CB0008/TK0003', 'BR0027', 22, 66000),
('DT0090', 'TR0045/CB0008/TK0003', 'BR0048', 94, 2679000),
('DT0091', 'TR0046/CB0009/TK0001', 'BR0018', 38, 703000),
('DT0092', 'TR0046/CB0009/TK0001', 'BR0019', 23, 253000),
('DT0093', 'TR0047/CB0009/TK0001', 'BR0024', 7, 38500),
('DT0094', 'TR0047/CB0009/TK0001', 'BR0031', 97, 970000),
('DT0095', 'TR0048/CB0009/TK0001', 'BR0042', 65, 552500),
('DT0096', 'TR0048/CB0009/TK0001', 'BR0050', 29, 522000),
('DT0097', 'TR0049/CB0010/TK0001', 'BR0005', 73, 219000),
('DT0098', 'TR0049/CB0010/TK0001', 'BR0010', 61, 183000),
('DT0099', 'TR0050/CB0010/TK0001', 'BR0012', 63, 189000),
('DT0100', 'TR0050/CB0010/TK0001', 'BR0017', 85, 552500),
('DT0101', 'TR0051/CB0001/TK0001', 'BR0004', 95, 1045000),
('DT0102', 'TR0051/CB0001/TK0001', 'BR0008', 41, 574000),
('DT0103', 'TR0052/CB0001/TK0001', 'BR0022', 72, 468000),
('DT0104', 'TR0052/CB0001/TK0001', 'BR0028', 17, 102000),
('DT0105', 'TR0053/CB0001/TK0001', 'BR0032', 69, 1518000),
('DT0106', 'TR0053/CB0001/TK0001', 'BR0041', 1, 5500),
('DT0107', 'TR0054/CB0002/TK0002', 'BR0046', 100, 250000),
('DT0108', 'TR0054/CB0002/TK0002', 'BR0013', 24, 120000),
('DT0109', 'TR0055/CB0002/TK0002', 'BR0023', 23, 195500),
('DT0110', 'TR0055/CB0002/TK0002', 'BR0030', 74, 666000),
('DT0111', 'TR0056/CB0002/TK0002', 'BR0034', 22, 561000),
('DT0112', 'TR0056/CB0002/TK0002', 'BR0036', 5, 25000),
('DT0113', 'TR0057/CB0003/TK0003', 'BR0040', 25, 187500),
('DT0114', 'TR0057/CB0003/TK0003', 'BR0044', 100, 250000),
('DT0115', 'TR0058/CB0003/TK0003', 'BR0038', 77, 885500),
('DT0116', 'TR0058/CB0003/TK0003', 'BR0043', 48, 2928000),
('DT0117', 'TR0059/CB0004/TK0003', 'BR0045', 72, 216000),
('DT0118', 'TR0059/CB0004/TK0003', 'BR0049', 86, 4300000),
('DT0119', 'TR0060/CB0004/TK0003', 'BR0014', 46, 308200),
('DT0120', 'TR0060/CB0004/TK0003', 'BR0020', 74, 814000),
('DT0121', 'TR0061/CB0005/TK0002', 'BR0025', 5, 25000),
('DT0122', 'TR0061/CB0005/TK0002', 'BR0001', 57, 342000),
('DT0123', 'TR0062/CB0005/TK0002', 'BR0007', 7, 154000),
('DT0124', 'TR0062/CB0005/TK0002', 'BR0026', 92, 414000),
('DT0125', 'TR0063/CB0005/TK0002', 'BR0037', 99, 1584000),
('DT0126', 'TR0063/CB0005/TK0002', 'BR0047', 65, 552500),
('DT0127', 'TR0064/CB0006/TK0001', 'BR0009', 30, 300000),
('DT0128', 'TR0064/CB0006/TK0001', 'BR0002', 65, 208000),
('DT0129', 'TR0065/CB0006/TK0001', 'BR0006', 95, 855000),
('DT0130', 'TR0065/CB0006/TK0001', 'BR0016', 32, 352000),
('DT0131', 'TR0066/CB0007/TK0002', 'BR0021', 47, 211500),
('DT0132', 'TR0066/CB0007/TK0002', 'BR0029', 87, 957000),
('DT0133', 'TR0067/CB0007/TK0002', 'BR0033', 30, 150000),
('DT0134', 'TR0067/CB0007/TK0002', 'BR0035', 75, 187500),
('DT0135', 'TR0068/CB0008/TK0003', 'BR0039', 58, 841000),
('DT0136', 'TR0068/CB0008/TK0003', 'BR0003', 54, 270000),
('DT0137', 'TR0069/CB0008/TK0003', 'BR0011', 2, 9000),
('DT0138', 'TR0069/CB0008/TK0003', 'BR0015', 4, 36800),
('DT0139', 'TR0070/CB0008/TK0003', 'BR0027', 37, 111000),
('DT0140', 'TR0070/CB0008/TK0003', 'BR0048', 91, 2593500),
('DT0141', 'TR0071/CB0009/TK0001', 'BR0018', 19, 351500),
('DT0142', 'TR0071/CB0009/TK0001', 'BR0019', 24, 264000),
('DT0143', 'TR0072/CB0009/TK0001', 'BR0024', 95, 522500),
('DT0144', 'TR0072/CB0009/TK0001', 'BR0031', 51, 510000),
('DT0145', 'TR0073/CB0009/TK0001', 'BR0042', 69, 586500),
('DT0146', 'TR0073/CB0009/TK0001', 'BR0050', 99, 1782000),
('DT0147', 'TR0074/CB0010/TK0001', 'BR0005', 79, 237000),
('DT0148', 'TR0074/CB0010/TK0001', 'BR0010', 14, 42000),
('DT0149', 'TR0075/CB0010/TK0001', 'BR0012', 74, 222000),
('DT0150', 'TR0075/CB0010/TK0001', 'BR0017', 98, 637000),
('DT0151', 'TR0076/CB0001/TK0001', 'BR0004', 75, 825000),
('DT0152', 'TR0076/CB0001/TK0001', 'BR0008', 80, 1120000),
('DT0153', 'TR0077/CB0001/TK0001', 'BR0022', 31, 201500),
('DT0154', 'TR0077/CB0001/TK0001', 'BR0028', 29, 174000),
('DT0155', 'TR0078/CB0001/TK0001', 'BR0032', 90, 1980000),
('DT0156', 'TR0078/CB0001/TK0001', 'BR0041', 67, 368500),
('DT0157', 'TR0079/CB0002/TK0002', 'BR0046', 74, 185000),
('DT0158', 'TR0079/CB0002/TK0002', 'BR0013', 58, 290000),
('DT0159', 'TR0080/CB0002/TK0002', 'BR0023', 28, 238000),
('DT0160', 'TR0080/CB0002/TK0002', 'BR0030', 80, 720000),
('DT0161', 'TR0081/CB0002/TK0002', 'BR0034', 14, 357000),
('DT0162', 'TR0081/CB0002/TK0002', 'BR0036', 31, 155000),
('DT0163', 'TR0082/CB0003/TK0003', 'BR0040', 68, 510000),
('DT0164', 'TR0082/CB0003/TK0003', 'BR0044', 100, 250000),
('DT0165', 'TR0083/CB0003/TK0003', 'BR0038', 2, 23000),
('DT0166', 'TR0083/CB0003/TK0003', 'BR0043', 22, 1342000),
('DT0167', 'TR0084/CB0004/TK0003', 'BR0045', 84, 252000),
('DT0168', 'TR0084/CB0004/TK0003', 'BR0049', 30, 1500000),
('DT0169', 'TR0085/CB0004/TK0003', 'BR0014', 60, 402000),
('DT0170', 'TR0085/CB0004/TK0003', 'BR0020', 43, 473000),
('DT0171', 'TR0086/CB0005/TK0002', 'BR0025', 92, 460000),
('DT0172', 'TR0086/CB0005/TK0002', 'BR0001', 34, 204000),
('DT0173', 'TR0087/CB0005/TK0002', 'BR0007', 8, 176000),
('DT0174', 'TR0087/CB0005/TK0002', 'BR0026', 16, 72000),
('DT0175', 'TR0088/CB0005/TK0002', 'BR0037', 14, 224000),
('DT0176', 'TR0088/CB0005/TK0002', 'BR0047', 47, 399500),
('DT0177', 'TR0089/CB0006/TK0001', 'BR0009', 93, 930000),
('DT0178', 'TR0089/CB0006/TK0001', 'BR0002', 43, 137600),
('DT0179', 'TR0090/CB0006/TK0001', 'BR0006', 78, 702000),
('DT0180', 'TR0090/CB0006/TK0001', 'BR0016', 48, 528000),
('DT0181', 'TR0091/CB0007/TK0002', 'BR0021', 35, 157500),
('DT0182', 'TR0091/CB0007/TK0002', 'BR0029', 87, 957000),
('DT0183', 'TR0092/CB0007/TK0002', 'BR0033', 11, 55000),
('DT0184', 'TR0092/CB0007/TK0002', 'BR0035', 12, 30000),
('DT0185', 'TR0093/CB0008/TK0003', 'BR0039', 29, 420500),
('DT0186', 'TR0093/CB0008/TK0003', 'BR0003', 34, 170000),
('DT0187', 'TR0094/CB0008/TK0003', 'BR0011', 43, 193500),
('DT0188', 'TR0094/CB0008/TK0003', 'BR0015', 52, 478400),
('DT0189', 'TR0095/CB0008/TK0003', 'BR0027', 94, 282000),
('DT0190', 'TR0095/CB0008/TK0003', 'BR0048', 26, 741000),
('DT0191', 'TR0096/CB0009/TK0001', 'BR0018', 94, 1739000),
('DT0192', 'TR0096/CB0009/TK0001', 'BR0019', 91, 1001000),
('DT0193', 'TR0097/CB0009/TK0001', 'BR0024', 97, 533500),
('DT0194', 'TR0097/CB0009/TK0001', 'BR0031', 39, 390000),
('DT0195', 'TR0098/CB0009/TK0001', 'BR0042', 41, 348500),
('DT0196', 'TR0098/CB0009/TK0001', 'BR0050', 98, 1764000),
('DT0197', 'TR0099/CB0010/TK0001', 'BR0005', 72, 216000),
('DT0198', 'TR0099/CB0010/TK0001', 'BR0010', 62, 186000),
('DT0199', 'TR0100/CB0010/TK0001', 'BR0012', 4, 12000),
('DT0200', 'TR0100/CB0010/TK0001', 'BR0017', 12, 78000),
('DT0201', 'TR0101/CB0001/TK0001', 'BR0004', 75, 825000),
('DT0202', 'TR0101/CB0001/TK0001', 'BR0008', 53, 742000),
('DT0203', 'TR0102/CB0001/TK0001', 'BR0022', 81, 526500),
('DT0204', 'TR0102/CB0001/TK0001', 'BR0028', 45, 270000),
('DT0205', 'TR0103/CB0001/TK0001', 'BR0032', 16, 352000),
('DT0206', 'TR0103/CB0001/TK0001', 'BR0041', 24, 132000),
('DT0207', 'TR0104/CB0002/TK0002', 'BR0046', 92, 230000),
('DT0208', 'TR0104/CB0002/TK0002', 'BR0013', 2, 10000),
('DT0209', 'TR0105/CB0002/TK0002', 'BR0023', 6, 51000),
('DT0210', 'TR0105/CB0002/TK0002', 'BR0030', 19, 171000),
('DT0211', 'TR0106/CB0002/TK0002', 'BR0034', 23, 586500),
('DT0212', 'TR0106/CB0002/TK0002', 'BR0036', 50, 250000),
('DT0213', 'TR0107/CB0003/TK0003', 'BR0040', 31, 232500),
('DT0214', 'TR0107/CB0003/TK0003', 'BR0044', 12, 30000),
('DT0215', 'TR0108/CB0003/TK0003', 'BR0038', 57, 655500),
('DT0216', 'TR0108/CB0003/TK0003', 'BR0043', 29, 1769000),
('DT0217', 'TR0109/CB0004/TK0003', 'BR0045', 22, 66000),
('DT0218', 'TR0109/CB0004/TK0003', 'BR0049', 24, 1200000),
('DT0219', 'TR0110/CB0004/TK0003', 'BR0014', 76, 509200),
('DT0220', 'TR0110/CB0004/TK0003', 'BR0020', 9, 99000),
('DT0221', 'TR0111/CB0005/TK0002', 'BR0025', 76, 380000),
('DT0222', 'TR0111/CB0005/TK0002', 'BR0001', 48, 288000),
('DT0223', 'TR0112/CB0005/TK0002', 'BR0007', 3, 66000),
('DT0224', 'TR0112/CB0005/TK0002', 'BR0026', 90, 405000),
('DT0225', 'TR0113/CB0005/TK0002', 'BR0037', 62, 992000),
('DT0226', 'TR0113/CB0005/TK0002', 'BR0047', 41, 348500),
('DT0227', 'TR0114/CB0006/TK0001', 'BR0009', 66, 660000),
('DT0228', 'TR0114/CB0006/TK0001', 'BR0002', 50, 160000),
('DT0229', 'TR0115/CB0006/TK0001', 'BR0006', 74, 666000),
('DT0230', 'TR0115/CB0006/TK0001', 'BR0016', 27, 297000),
('DT0231', 'TR0116/CB0007/TK0002', 'BR0021', 71, 319500),
('DT0232', 'TR0116/CB0007/TK0002', 'BR0029', 50, 550000),
('DT0233', 'TR0117/CB0007/TK0002', 'BR0033', 85, 425000),
('DT0234', 'TR0117/CB0007/TK0002', 'BR0035', 77, 192500),
('DT0235', 'TR0118/CB0008/TK0003', 'BR0039', 25, 362500),
('DT0236', 'TR0118/CB0008/TK0003', 'BR0003', 39, 195000),
('DT0237', 'TR0119/CB0008/TK0003', 'BR0011', 56, 252000),
('DT0238', 'TR0119/CB0008/TK0003', 'BR0015', 65, 598000),
('DT0239', 'TR0120/CB0008/TK0003', 'BR0027', 2, 6000),
('DT0240', 'TR0120/CB0008/TK0003', 'BR0048', 31, 883500),
('DT0241', 'TR0121/CB0009/TK0001', 'BR0018', 28, 518000),
('DT0242', 'TR0121/CB0009/TK0001', 'BR0019', 20, 220000),
('DT0243', 'TR0122/CB0009/TK0001', 'BR0024', 33, 181500),
('DT0244', 'TR0122/CB0009/TK0001', 'BR0031', 64, 640000),
('DT0245', 'TR0123/CB0009/TK0001', 'BR0042', 42, 357000),
('DT0246', 'TR0123/CB0009/TK0001', 'BR0050', 3, 54000),
('DT0247', 'TR0124/CB0010/TK0001', 'BR0005', 79, 237000),
('DT0248', 'TR0124/CB0010/TK0001', 'BR0010', 89, 267000),
('DT0249', 'TR0125/CB0010/TK0001', 'BR0012', 98, 294000),
('DT0250', 'TR0125/CB0010/TK0001', 'BR0017', 79, 513500),
('DT0251', 'TR0126/CB0001/TK0001', 'BR0004', 69, 759000),
('DT0252', 'TR0126/CB0001/TK0001', 'BR0008', 3, 42000),
('DT0253', 'TR0127/CB0001/TK0001', 'BR0022', 88, 572000),
('DT0254', 'TR0127/CB0001/TK0001', 'BR0028', 99, 594000),
('DT0255', 'TR0128/CB0001/TK0001', 'BR0032', 37, 814000),
('DT0256', 'TR0128/CB0001/TK0001', 'BR0041', 7, 38500),
('DT0257', 'TR0129/CB0002/TK0002', 'BR0046', 98, 245000),
('DT0258', 'TR0129/CB0002/TK0002', 'BR0013', 12, 60000),
('DT0259', 'TR0130/CB0002/TK0002', 'BR0023', 24, 204000),
('DT0260', 'TR0130/CB0002/TK0002', 'BR0030', 50, 450000),
('DT0261', 'TR0131/CB0002/TK0002', 'BR0034', 24, 612000),
('DT0262', 'TR0131/CB0002/TK0002', 'BR0036', 22, 110000),
('DT0263', 'TR0132/CB0003/TK0003', 'BR0040', 78, 585000),
('DT0264', 'TR0132/CB0003/TK0003', 'BR0044', 40, 100000),
('DT0265', 'TR0133/CB0003/TK0003', 'BR0038', 62, 713000),
('DT0266', 'TR0133/CB0003/TK0003', 'BR0043', 5, 305000),
('DT0267', 'TR0134/CB0004/TK0003', 'BR0045', 2, 6000),
('DT0268', 'TR0134/CB0004/TK0003', 'BR0049', 8, 400000),
('DT0269', 'TR0135/CB0004/TK0003', 'BR0014', 1, 6700),
('DT0270', 'TR0135/CB0004/TK0003', 'BR0020', 60, 660000),
('DT0271', 'TR0136/CB0005/TK0002', 'BR0025', 92, 460000),
('DT0272', 'TR0136/CB0005/TK0002', 'BR0001', 52, 312000),
('DT0273', 'TR0137/CB0005/TK0002', 'BR0007', 54, 1188000),
('DT0274', 'TR0137/CB0005/TK0002', 'BR0026', 71, 319500),
('DT0275', 'TR0138/CB0005/TK0002', 'BR0037', 92, 1472000),
('DT0276', 'TR0138/CB0005/TK0002', 'BR0047', 78, 663000),
('DT0277', 'TR0139/CB0006/TK0001', 'BR0009', 44, 440000),
('DT0278', 'TR0139/CB0006/TK0001', 'BR0002', 68, 217600),
('DT0279', 'TR0140/CB0006/TK0001', 'BR0006', 37, 333000),
('DT0280', 'TR0140/CB0006/TK0001', 'BR0016', 14, 154000),
('DT0281', 'TR0141/CB0007/TK0002', 'BR0021', 54, 243000),
('DT0282', 'TR0141/CB0007/TK0002', 'BR0029', 100, 1100000),
('DT0283', 'TR0142/CB0007/TK0002', 'BR0033', 93, 465000),
('DT0284', 'TR0142/CB0007/TK0002', 'BR0035', 74, 185000),
('DT0285', 'TR0143/CB0008/TK0003', 'BR0039', 49, 710500),
('DT0286', 'TR0143/CB0008/TK0003', 'BR0003', 25, 125000),
('DT0287', 'TR0144/CB0008/TK0003', 'BR0011', 100, 450000),
('DT0288', 'TR0144/CB0008/TK0003', 'BR0015', 58, 533600),
('DT0289', 'TR0145/CB0008/TK0003', 'BR0027', 66, 198000),
('DT0290', 'TR0145/CB0008/TK0003', 'BR0048', 5, 142500),
('DT0291', 'TR0146/CB0009/TK0001', 'BR0018', 60, 1110000),
('DT0292', 'TR0146/CB0009/TK0001', 'BR0019', 30, 330000),
('DT0293', 'TR0147/CB0009/TK0001', 'BR0024', 21, 115500),
('DT0294', 'TR0147/CB0009/TK0001', 'BR0031', 37, 370000),
('DT0295', 'TR0148/CB0009/TK0001', 'BR0042', 29, 246500),
('DT0296', 'TR0148/CB0009/TK0001', 'BR0050', 100, 1800000),
('DT0297', 'TR0149/CB0010/TK0001', 'BR0005', 32, 96000),
('DT0298', 'TR0149/CB0010/TK0001', 'BR0010', 52, 156000),
('DT0299', 'TR0150/CB0010/TK0001', 'BR0012', 42, 126000),
('DT0300', 'TR0150/CB0010/TK0001', 'BR0017', 13, 84500),
('DT0301', 'TR0151/CB0001/TK0001', 'BR0004', 51, 561000),
('DT0302', 'TR0151/CB0001/TK0001', 'BR0008', 90, 1260000),
('DT0303', 'TR0152/CB0001/TK0001', 'BR0022', 58, 377000),
('DT0304', 'TR0152/CB0001/TK0001', 'BR0028', 35, 210000),
('DT0305', 'TR0153/CB0001/TK0001', 'BR0032', 74, 1628000),
('DT0306', 'TR0153/CB0001/TK0001', 'BR0041', 85, 467500),
('DT0307', 'TR0154/CB0002/TK0002', 'BR0046', 72, 180000),
('DT0308', 'TR0154/CB0002/TK0002', 'BR0013', 4, 20000),
('DT0309', 'TR0155/CB0002/TK0002', 'BR0023', 15, 127500),
('DT0310', 'TR0155/CB0002/TK0002', 'BR0030', 21, 189000),
('DT0311', 'TR0156/CB0002/TK0002', 'BR0034', 41, 1045500),
('DT0312', 'TR0156/CB0002/TK0002', 'BR0036', 30, 150000),
('DT0313', 'TR0157/CB0003/TK0003', 'BR0040', 87, 652500),
('DT0314', 'TR0157/CB0003/TK0003', 'BR0044', 62, 155000),
('DT0315', 'TR0158/CB0003/TK0003', 'BR0038', 35, 402500),
('DT0316', 'TR0158/CB0003/TK0003', 'BR0043', 91, 5551000),
('DT0317', 'TR0159/CB0004/TK0003', 'BR0045', 55, 165000),
('DT0318', 'TR0159/CB0004/TK0003', 'BR0049', 75, 3750000),
('DT0319', 'TR0160/CB0004/TK0003', 'BR0014', 21, 140700),
('DT0320', 'TR0160/CB0004/TK0003', 'BR0020', 30, 330000),
('DT0321', 'TR0161/CB0005/TK0002', 'BR0025', 13, 65000),
('DT0322', 'TR0161/CB0005/TK0002', 'BR0001', 21, 126000),
('DT0323', 'TR0162/CB0005/TK0002', 'BR0007', 33, 726000),
('DT0324', 'TR0162/CB0005/TK0002', 'BR0026', 56, 252000),
('DT0325', 'TR0163/CB0005/TK0002', 'BR0037', 12, 192000),
('DT0326', 'TR0163/CB0005/TK0002', 'BR0047', 49, 416500),
('DT0327', 'TR0164/CB0006/TK0001', 'BR0009', 74, 740000),
('DT0328', 'TR0164/CB0006/TK0001', 'BR0002', 38, 121600),
('DT0329', 'TR0165/CB0006/TK0001', 'BR0006', 91, 819000),
('DT0330', 'TR0165/CB0006/TK0001', 'BR0016', 4, 44000),
('DT0331', 'TR0166/CB0007/TK0002', 'BR0021', 3, 13500),
('DT0332', 'TR0166/CB0007/TK0002', 'BR0029', 8, 88000),
('DT0333', 'TR0167/CB0007/TK0002', 'BR0033', 71, 355000),
('DT0334', 'TR0167/CB0007/TK0002', 'BR0035', 71, 177500),
('DT0335', 'TR0168/CB0008/TK0003', 'BR0039', 97, 1406500),
('DT0336', 'TR0168/CB0008/TK0003', 'BR0003', 84, 420000),
('DT0337', 'TR0169/CB0008/TK0003', 'BR0011', 54, 243000),
('DT0338', 'TR0169/CB0008/TK0003', 'BR0015', 6, 55200),
('DT0339', 'TR0170/CB0008/TK0003', 'BR0027', 77, 231000),
('DT0340', 'TR0170/CB0008/TK0003', 'BR0048', 32, 912000),
('DT0341', 'TR0171/CB0009/TK0001', 'BR0018', 19, 351500),
('DT0342', 'TR0171/CB0009/TK0001', 'BR0019', 79, 869000),
('DT0343', 'TR0172/CB0009/TK0001', 'BR0024', 11, 60500),
('DT0344', 'TR0172/CB0009/TK0001', 'BR0031', 62, 620000),
('DT0345', 'TR0173/CB0009/TK0001', 'BR0042', 51, 433500),
('DT0346', 'TR0173/CB0009/TK0001', 'BR0050', 100, 1800000),
('DT0347', 'TR0174/CB0010/TK0001', 'BR0005', 62, 186000),
('DT0348', 'TR0174/CB0010/TK0001', 'BR0010', 54, 162000),
('DT0349', 'TR0175/CB0010/TK0001', 'BR0012', 70, 210000),
('DT0350', 'TR0175/CB0010/TK0001', 'BR0017', 90, 585000),
('DT0351', 'TR0176/CB0001/TK0001', 'BR0004', 77, 847000),
('DT0352', 'TR0176/CB0001/TK0001', 'BR0008', 93, 1302000),
('DT0353', 'TR0177/CB0001/TK0001', 'BR0022', 48, 312000),
('DT0354', 'TR0177/CB0001/TK0001', 'BR0028', 76, 456000),
('DT0355', 'TR0178/CB0001/TK0001', 'BR0032', 4, 88000),
('DT0356', 'TR0178/CB0001/TK0001', 'BR0041', 96, 528000),
('DT0357', 'TR0179/CB0002/TK0002', 'BR0046', 20, 50000),
('DT0358', 'TR0179/CB0002/TK0002', 'BR0013', 26, 130000),
('DT0359', 'TR0180/CB0002/TK0002', 'BR0023', 46, 391000),
('DT0360', 'TR0180/CB0002/TK0002', 'BR0030', 9, 81000),
('DT0361', 'TR0181/CB0002/TK0002', 'BR0034', 81, 2065500),
('DT0362', 'TR0181/CB0002/TK0002', 'BR0036', 85, 425000),
('DT0363', 'TR0182/CB0003/TK0003', 'BR0040', 99, 742500),
('DT0364', 'TR0182/CB0003/TK0003', 'BR0044', 4, 10000),
('DT0365', 'TR0183/CB0003/TK0003', 'BR0038', 8, 92000),
('DT0366', 'TR0183/CB0003/TK0003', 'BR0043', 41, 2501000),
('DT0367', 'TR0184/CB0004/TK0003', 'BR0045', 24, 72000),
('DT0368', 'TR0184/CB0004/TK0003', 'BR0049', 35, 1750000),
('DT0369', 'TR0185/CB0004/TK0003', 'BR0014', 31, 207700),
('DT0370', 'TR0185/CB0004/TK0003', 'BR0020', 28, 308000),
('DT0371', 'TR0186/CB0005/TK0002', 'BR0025', 97, 485000),
('DT0372', 'TR0186/CB0005/TK0002', 'BR0001', 84, 504000),
('DT0373', 'TR0187/CB0005/TK0002', 'BR0007', 93, 2046000),
('DT0374', 'TR0187/CB0005/TK0002', 'BR0026', 73, 328500),
('DT0375', 'TR0188/CB0005/TK0002', 'BR0037', 92, 1472000),
('DT0376', 'TR0188/CB0005/TK0002', 'BR0047', 45, 382500),
('DT0377', 'TR0189/CB0006/TK0001', 'BR0009', 12, 120000),
('DT0378', 'TR0189/CB0006/TK0001', 'BR0002', 19, 60800),
('DT0379', 'TR0190/CB0006/TK0001', 'BR0006', 16, 144000),
('DT0380', 'TR0190/CB0006/TK0001', 'BR0016', 71, 781000),
('DT0381', 'TR0191/CB0007/TK0002', 'BR0021', 78, 351000),
('DT0382', 'TR0191/CB0007/TK0002', 'BR0029', 15, 165000),
('DT0383', 'TR0192/CB0007/TK0002', 'BR0033', 59, 295000),
('DT0384', 'TR0192/CB0007/TK0002', 'BR0035', 5, 12500),
('DT0385', 'TR0193/CB0008/TK0003', 'BR0039', 29, 420500),
('DT0386', 'TR0193/CB0008/TK0003', 'BR0003', 20, 100000),
('DT0387', 'TR0194/CB0008/TK0003', 'BR0011', 13, 58500),
('DT0388', 'TR0194/CB0008/TK0003', 'BR0015', 95, 874000),
('DT0389', 'TR0195/CB0008/TK0003', 'BR0027', 10, 30000),
('DT0390', 'TR0195/CB0008/TK0003', 'BR0048', 7, 199500),
('DT0391', 'TR0196/CB0009/TK0001', 'BR0018', 86, 1591000),
('DT0392', 'TR0196/CB0009/TK0001', 'BR0019', 71, 781000),
('DT0393', 'TR0197/CB0009/TK0001', 'BR0024', 29, 159500),
('DT0394', 'TR0197/CB0009/TK0001', 'BR0031', 55, 550000),
('DT0395', 'TR0198/CB0009/TK0001', 'BR0042', 47, 399500),
('DT0396', 'TR0198/CB0009/TK0001', 'BR0050', 47, 846000),
('DT0397', 'TR0199/CB0010/TK0001', 'BR0005', 58, 174000),
('DT0398', 'TR0199/CB0010/TK0001', 'BR0010', 19, 57000),
('DT0399', 'TR0200/CB0010/TK0001', 'BR0012', 63, 189000),
('DT0400', 'TR0200/CB0010/TK0001', 'BR0017', 94, 611000),
('DT0401', 'TR0201/CB0001/TK0001', 'BR0004', 18, 198000),
('DT0402', 'TR0201/CB0001/TK0001', 'BR0008', 59, 826000),
('DT0403', 'TR0202/CB0001/TK0001', 'BR0022', 84, 546000),
('DT0404', 'TR0202/CB0001/TK0001', 'BR0028', 83, 498000),
('DT0405', 'TR0203/CB0001/TK0001', 'BR0032', 93, 2046000),
('DT0406', 'TR0203/CB0001/TK0001', 'BR0041', 47, 258500),
('DT0407', 'TR0204/CB0002/TK0002', 'BR0046', 90, 225000),
('DT0408', 'TR0204/CB0002/TK0002', 'BR0013', 23, 115000),
('DT0409', 'TR0205/CB0002/TK0002', 'BR0023', 81, 688500),
('DT0410', 'TR0205/CB0002/TK0002', 'BR0030', 43, 387000),
('DT0411', 'TR0206/CB0002/TK0002', 'BR0034', 87, 2218500),
('DT0412', 'TR0206/CB0002/TK0002', 'BR0036', 20, 100000),
('DT0413', 'TR0207/CB0003/TK0003', 'BR0040', 10, 75000),
('DT0414', 'TR0207/CB0003/TK0003', 'BR0044', 62, 155000),
('DT0415', 'TR0208/CB0003/TK0003', 'BR0038', 89, 1023500),
('DT0416', 'TR0208/CB0003/TK0003', 'BR0043', 18, 1098000),
('DT0417', 'TR0209/CB0004/TK0003', 'BR0045', 89, 267000),
('DT0418', 'TR0209/CB0004/TK0003', 'BR0049', 13, 650000),
('DT0419', 'TR0210/CB0004/TK0003', 'BR0014', 13, 87100),
('DT0420', 'TR0210/CB0004/TK0003', 'BR0020', 84, 924000),
('DT0421', 'TR0211/CB0005/TK0002', 'BR0025', 65, 325000),
('DT0422', 'TR0211/CB0005/TK0002', 'BR0001', 39, 234000),
('DT0423', 'TR0212/CB0005/TK0002', 'BR0007', 46, 1012000),
('DT0424', 'TR0212/CB0005/TK0002', 'BR0026', 25, 112500),
('DT0425', 'TR0213/CB0005/TK0002', 'BR0037', 57, 912000),
('DT0426', 'TR0213/CB0005/TK0002', 'BR0047', 83, 705500),
('DT0427', 'TR0214/CB0006/TK0001', 'BR0009', 2, 20000),
('DT0428', 'TR0214/CB0006/TK0001', 'BR0002', 100, 320000),
('DT0429', 'TR0215/CB0006/TK0001', 'BR0006', 31, 279000),
('DT0430', 'TR0215/CB0006/TK0001', 'BR0016', 92, 1012000),
('DT0431', 'TR0216/CB0007/TK0002', 'BR0021', 82, 369000),
('DT0432', 'TR0216/CB0007/TK0002', 'BR0029', 41, 451000),
('DT0433', 'TR0217/CB0007/TK0002', 'BR0033', 66, 330000),
('DT0434', 'TR0217/CB0007/TK0002', 'BR0035', 84, 210000),
('DT0435', 'TR0218/CB0008/TK0003', 'BR0039', 21, 304500),
('DT0436', 'TR0218/CB0008/TK0003', 'BR0003', 36, 180000),
('DT0437', 'TR0219/CB0008/TK0003', 'BR0011', 51, 229500),
('DT0438', 'TR0219/CB0008/TK0003', 'BR0015', 84, 772800),
('DT0439', 'TR0220/CB0008/TK0003', 'BR0027', 2, 6000),
('DT0440', 'TR0220/CB0008/TK0003', 'BR0048', 27, 769500),
('DT0441', 'TR0221/CB0009/TK0001', 'BR0018', 85, 1572500),
('DT0442', 'TR0221/CB0009/TK0001', 'BR0019', 1, 11000),
('DT0443', 'TR0222/CB0009/TK0001', 'BR0024', 52, 286000),
('DT0444', 'TR0222/CB0009/TK0001', 'BR0031', 78, 780000),
('DT0445', 'TR0223/CB0009/TK0001', 'BR0042', 40, 340000),
('DT0446', 'TR0223/CB0009/TK0001', 'BR0050', 25, 450000),
('DT0447', 'TR0224/CB0010/TK0001', 'BR0005', 8, 24000),
('DT0448', 'TR0224/CB0010/TK0001', 'BR0010', 98, 294000),
('DT0449', 'TR0225/CB0010/TK0001', 'BR0012', 65, 195000),
('DT0450', 'TR0225/CB0010/TK0001', 'BR0017', 72, 468000),
('DT0451', 'TR0226/CB0001/TK0001', 'BR0004', 62, 682000),
('DT0452', 'TR0226/CB0001/TK0001', 'BR0008', 18, 252000),
('DT0453', 'TR0227/CB0001/TK0001', 'BR0022', 78, 507000),
('DT0454', 'TR0227/CB0001/TK0001', 'BR0028', 20, 120000),
('DT0455', 'TR0228/CB0001/TK0001', 'BR0032', 99, 2178000),
('DT0456', 'TR0228/CB0001/TK0001', 'BR0041', 60, 330000),
('DT0457', 'TR0229/CB0002/TK0002', 'BR0046', 75, 187500),
('DT0458', 'TR0229/CB0002/TK0002', 'BR0013', 87, 435000),
('DT0459', 'TR0230/CB0002/TK0002', 'BR0023', 92, 782000),
('DT0460', 'TR0230/CB0002/TK0002', 'BR0030', 89, 801000),
('DT0461', 'TR0231/CB0002/TK0002', 'BR0034', 2, 51000),
('DT0462', 'TR0231/CB0002/TK0002', 'BR0036', 12, 60000),
('DT0463', 'TR0232/CB0003/TK0003', 'BR0040', 10, 75000),
('DT0464', 'TR0232/CB0003/TK0003', 'BR0044', 69, 172500),
('DT0465', 'TR0233/CB0003/TK0003', 'BR0038', 75, 862500),
('DT0466', 'TR0233/CB0003/TK0003', 'BR0043', 43, 2623000),
('DT0467', 'TR0234/CB0004/TK0003', 'BR0045', 18, 54000),
('DT0468', 'TR0234/CB0004/TK0003', 'BR0049', 99, 4950000),
('DT0469', 'TR0235/CB0004/TK0003', 'BR0014', 44, 294800),
('DT0470', 'TR0235/CB0004/TK0003', 'BR0020', 74, 814000),
('DT0471', 'TR0236/CB0005/TK0002', 'BR0025', 46, 230000),
('DT0472', 'TR0236/CB0005/TK0002', 'BR0001', 72, 432000),
('DT0473', 'TR0237/CB0005/TK0002', 'BR0007', 12, 264000),
('DT0474', 'TR0237/CB0005/TK0002', 'BR0026', 79, 355500),
('DT0475', 'TR0238/CB0005/TK0002', 'BR0037', 22, 352000),
('DT0476', 'TR0238/CB0005/TK0002', 'BR0047', 80, 680000),
('DT0477', 'TR0239/CB0006/TK0001', 'BR0009', 85, 850000),
('DT0478', 'TR0239/CB0006/TK0001', 'BR0002', 64, 204800),
('DT0479', 'TR0240/CB0006/TK0001', 'BR0006', 37, 333000),
('DT0480', 'TR0240/CB0006/TK0001', 'BR0016', 53, 583000),
('DT0481', 'TR0241/CB0007/TK0002', 'BR0021', 15, 67500),
('DT0482', 'TR0241/CB0007/TK0002', 'BR0029', 49, 539000),
('DT0483', 'TR0242/CB0007/TK0002', 'BR0033', 3, 15000),
('DT0484', 'TR0242/CB0007/TK0002', 'BR0035', 65, 162500),
('DT0485', 'TR0243/CB0008/TK0003', 'BR0039', 82, 1189000),
('DT0486', 'TR0243/CB0008/TK0003', 'BR0003', 76, 380000),
('DT0487', 'TR0244/CB0008/TK0003', 'BR0011', 9, 40500),
('DT0488', 'TR0244/CB0008/TK0003', 'BR0015', 23, 211600),
('DT0489', 'TR0245/CB0008/TK0003', 'BR0027', 76, 228000),
('DT0490', 'TR0245/CB0008/TK0003', 'BR0048', 50, 1425000),
('DT0491', 'TR0246/CB0009/TK0001', 'BR0018', 59, 1091500),
('DT0492', 'TR0246/CB0009/TK0001', 'BR0019', 20, 220000),
('DT0493', 'TR0247/CB0009/TK0001', 'BR0024', 78, 429000),
('DT0494', 'TR0247/CB0009/TK0001', 'BR0031', 81, 810000),
('DT0495', 'TR0248/CB0009/TK0001', 'BR0042', 72, 612000),
('DT0496', 'TR0248/CB0009/TK0001', 'BR0050', 51, 918000),
('DT0497', 'TR0249/CB0010/TK0001', 'BR0005', 95, 285000),
('DT0498', 'TR0249/CB0010/TK0001', 'BR0010', 63, 189000),
('DT0499', 'TR0250/CB0010/TK0001', 'BR0012', 92, 276000),
('DT0500', 'TR0250/CB0010/TK0001', 'BR0017', 95, 617500),
('DT0501', 'TR0251/CB0001/TK0001', 'BR0004', 50, 550000),
('DT0502', 'TR0251/CB0001/TK0001', 'BR0008', 26, 364000),
('DT0503', 'TR0252/CB0001/TK0001', 'BR0022', 70, 455000),
('DT0504', 'TR0252/CB0001/TK0001', 'BR0028', 72, 432000),
('DT0505', 'TR0253/CB0001/TK0001', 'BR0032', 83, 1826000),
('DT0506', 'TR0253/CB0001/TK0001', 'BR0041', 72, 396000),
('DT0507', 'TR0254/CB0002/TK0002', 'BR0046', 96, 240000),
('DT0508', 'TR0254/CB0002/TK0002', 'BR0013', 40, 200000),
('DT0509', 'TR0255/CB0002/TK0002', 'BR0023', 25, 212500),
('DT0510', 'TR0255/CB0002/TK0002', 'BR0030', 52, 468000),
('DT0511', 'TR0256/CB0002/TK0002', 'BR0034', 35, 892500),
('DT0512', 'TR0256/CB0002/TK0002', 'BR0036', 97, 485000),
('DT0513', 'TR0257/CB0003/TK0003', 'BR0040', 9, 67500),
('DT0514', 'TR0257/CB0003/TK0003', 'BR0044', 46, 115000),
('DT0515', 'TR0258/CB0003/TK0003', 'BR0038', 54, 621000),
('DT0516', 'TR0258/CB0003/TK0003', 'BR0043', 98, 5978000),
('DT0517', 'TR0259/CB0004/TK0003', 'BR0045', 23, 69000),
('DT0518', 'TR0259/CB0004/TK0003', 'BR0049', 65, 3250000),
('DT0519', 'TR0260/CB0004/TK0003', 'BR0014', 95, 636500),
('DT0520', 'TR0260/CB0004/TK0003', 'BR0020', 41, 451000),
('DT0521', 'TR0261/CB0005/TK0002', 'BR0025', 23, 115000),
('DT0522', 'TR0261/CB0005/TK0002', 'BR0001', 72, 432000),
('DT0523', 'TR0262/CB0005/TK0002', 'BR0007', 74, 1628000),
('DT0524', 'TR0262/CB0005/TK0002', 'BR0026', 35, 157500),
('DT0525', 'TR0263/CB0005/TK0002', 'BR0037', 90, 1440000),
('DT0526', 'TR0263/CB0005/TK0002', 'BR0047', 41, 348500),
('DT0527', 'TR0264/CB0006/TK0001', 'BR0009', 20, 200000),
('DT0528', 'TR0264/CB0006/TK0001', 'BR0002', 4, 12800),
('DT0529', 'TR0265/CB0006/TK0001', 'BR0006', 77, 693000),
('DT0530', 'TR0265/CB0006/TK0001', 'BR0016', 61, 671000),
('DT0531', 'TR0266/CB0007/TK0002', 'BR0021', 47, 211500),
('DT0532', 'TR0266/CB0007/TK0002', 'BR0029', 91, 1001000),
('DT0533', 'TR0267/CB0007/TK0002', 'BR0033', 17, 85000),
('DT0534', 'TR0267/CB0007/TK0002', 'BR0035', 7, 17500),
('DT0535', 'TR0268/CB0008/TK0003', 'BR0039', 64, 928000),
('DT0536', 'TR0268/CB0008/TK0003', 'BR0003', 60, 300000),
('DT0537', 'TR0269/CB0008/TK0003', 'BR0011', 45, 202500),
('DT0538', 'TR0269/CB0008/TK0003', 'BR0015', 99, 910800),
('DT0539', 'TR0270/CB0008/TK0003', 'BR0027', 25, 75000),
('DT0540', 'TR0270/CB0008/TK0003', 'BR0048', 48, 1368000),
('DT0541', 'TR0271/CB0009/TK0001', 'BR0018', 50, 925000),
('DT0542', 'TR0271/CB0009/TK0001', 'BR0019', 2, 22000),
('DT0543', 'TR0272/CB0009/TK0001', 'BR0024', 54, 297000),
('DT0544', 'TR0272/CB0009/TK0001', 'BR0031', 70, 700000),
('DT0545', 'TR0273/CB0009/TK0001', 'BR0042', 37, 314500),
('DT0546', 'TR0273/CB0009/TK0001', 'BR0050', 29, 522000),
('DT0547', 'TR0274/CB0010/TK0001', 'BR0005', 1, 3000),
('DT0548', 'TR0274/CB0010/TK0001', 'BR0010', 51, 153000),
('DT0549', 'TR0275/CB0010/TK0001', 'BR0012', 99, 297000),
('DT0550', 'TR0275/CB0010/TK0001', 'BR0017', 42, 273000),
('DT0551', 'TR0276/CB0001/TK0001', 'BR0004', 75, 825000),
('DT0552', 'TR0276/CB0001/TK0001', 'BR0008', 87, 1218000),
('DT0553', 'TR0277/CB0001/TK0001', 'BR0022', 20, 130000),
('DT0554', 'TR0277/CB0001/TK0001', 'BR0028', 29, 174000),
('DT0555', 'TR0278/CB0001/TK0001', 'BR0032', 56, 1232000),
('DT0556', 'TR0278/CB0001/TK0001', 'BR0041', 52, 286000),
('DT0557', 'TR0279/CB0002/TK0002', 'BR0046', 9, 22500),
('DT0558', 'TR0279/CB0002/TK0002', 'BR0013', 16, 80000),
('DT0559', 'TR0280/CB0002/TK0002', 'BR0023', 35, 297500),
('DT0560', 'TR0280/CB0002/TK0002', 'BR0030', 32, 288000),
('DT0561', 'TR0281/CB0002/TK0002', 'BR0034', 43, 1096500),
('DT0562', 'TR0281/CB0002/TK0002', 'BR0036', 25, 125000),
('DT0563', 'TR0282/CB0003/TK0003', 'BR0040', 82, 615000),
('DT0564', 'TR0282/CB0003/TK0003', 'BR0044', 2, 5000),
('DT0565', 'TR0283/CB0003/TK0003', 'BR0038', 64, 736000),
('DT0566', 'TR0283/CB0003/TK0003', 'BR0043', 100, 6100000),
('DT0567', 'TR0284/CB0004/TK0003', 'BR0045', 72, 216000),
('DT0568', 'TR0284/CB0004/TK0003', 'BR0049', 100, 5000000),
('DT0569', 'TR0285/CB0004/TK0003', 'BR0014', 21, 140700),
('DT0570', 'TR0285/CB0004/TK0003', 'BR0020', 22, 242000),
('DT0571', 'TR0286/CB0005/TK0002', 'BR0025', 59, 295000),
('DT0572', 'TR0286/CB0005/TK0002', 'BR0001', 15, 90000),
('DT0573', 'TR0287/CB0005/TK0002', 'BR0007', 30, 660000),
('DT0574', 'TR0287/CB0005/TK0002', 'BR0026', 88, 396000),
('DT0575', 'TR0288/CB0005/TK0002', 'BR0037', 22, 352000),
('DT0576', 'TR0288/CB0005/TK0002', 'BR0047', 46, 391000),
('DT0577', 'TR0289/CB0006/TK0001', 'BR0009', 70, 700000),
('DT0578', 'TR0289/CB0006/TK0001', 'BR0002', 60, 192000),
('DT0579', 'TR0290/CB0006/TK0001', 'BR0006', 1, 9000),
('DT0580', 'TR0290/CB0006/TK0001', 'BR0016', 6, 66000),
('DT0581', 'TR0291/CB0007/TK0002', 'BR0021', 59, 265500),
('DT0582', 'TR0291/CB0007/TK0002', 'BR0029', 99, 1089000),
('DT0583', 'TR0292/CB0007/TK0002', 'BR0033', 70, 350000),
('DT0584', 'TR0292/CB0007/TK0002', 'BR0035', 19, 47500),
('DT0585', 'TR0293/CB0008/TK0003', 'BR0039', 56, 812000),
('DT0586', 'TR0293/CB0008/TK0003', 'BR0003', 46, 230000),
('DT0587', 'TR0294/CB0008/TK0003', 'BR0011', 95, 427500),
('DT0588', 'TR0294/CB0008/TK0003', 'BR0015', 39, 358800),
('DT0589', 'TR0295/CB0008/TK0003', 'BR0027', 2, 6000),
('DT0590', 'TR0295/CB0008/TK0003', 'BR0048', 81, 2308500),
('DT0591', 'TR0296/CB0009/TK0001', 'BR0018', 65, 1202500),
('DT0592', 'TR0296/CB0009/TK0001', 'BR0019', 58, 638000),
('DT0593', 'TR0297/CB0009/TK0001', 'BR0024', 59, 324500),
('DT0594', 'TR0297/CB0009/TK0001', 'BR0031', 94, 940000),
('DT0595', 'TR0298/CB0009/TK0001', 'BR0042', 51, 433500),
('DT0596', 'TR0298/CB0009/TK0001', 'BR0050', 27, 486000),
('DT0597', 'TR0299/CB0010/TK0001', 'BR0005', 79, 237000),
('DT0598', 'TR0299/CB0010/TK0001', 'BR0010', 86, 258000),
('DT0599', 'TR0300/CB0010/TK0001', 'BR0012', 33, 99000),
('DT0600', 'TR0300/CB0010/TK0001', 'BR0017', 61, 396500),
('DT0601', 'TR0301/CB0001/TK0001', 'BR0004', 65, 715000),
('DT0602', 'TR0301/CB0001/TK0001', 'BR0008', 61, 854000),
('DT0603', 'TR0302/CB0001/TK0001', 'BR0022', 25, 162500),
('DT0604', 'TR0302/CB0001/TK0001', 'BR0028', 47, 282000),
('DT0605', 'TR0303/CB0001/TK0001', 'BR0032', 75, 1650000),
('DT0606', 'TR0303/CB0001/TK0001', 'BR0041', 35, 192500),
('DT0607', 'TR0304/CB0002/TK0002', 'BR0046', 80, 200000),
('DT0608', 'TR0304/CB0002/TK0002', 'BR0013', 83, 415000),
('DT0609', 'TR0305/CB0002/TK0002', 'BR0023', 73, 620500),
('DT0610', 'TR0305/CB0002/TK0002', 'BR0030', 25, 225000),
('DT0611', 'TR0306/CB0002/TK0002', 'BR0034', 68, 1734000),
('DT0612', 'TR0306/CB0002/TK0002', 'BR0036', 8, 40000),
('DT0613', 'TR0307/CB0003/TK0003', 'BR0040', 85, 637500),
('DT0614', 'TR0307/CB0003/TK0003', 'BR0044', 72, 180000),
('DT0615', 'TR0308/CB0003/TK0003', 'BR0038', 54, 621000),
('DT0616', 'TR0308/CB0003/TK0003', 'BR0043', 84, 5124000),
('DT0617', 'TR0309/CB0004/TK0003', 'BR0045', 46, 138000),
('DT0618', 'TR0309/CB0004/TK0003', 'BR0049', 17, 850000),
('DT0619', 'TR0310/CB0004/TK0003', 'BR0014', 100, 670000),
('DT0620', 'TR0310/CB0004/TK0003', 'BR0020', 43, 473000),
('DT0621', 'TR0311/CB0005/TK0002', 'BR0025', 88, 440000),
('DT0622', 'TR0311/CB0005/TK0002', 'BR0001', 18, 108000),
('DT0623', 'TR0312/CB0005/TK0002', 'BR0007', 4, 88000),
('DT0624', 'TR0312/CB0005/TK0002', 'BR0026', 3, 13500),
('DT0625', 'TR0313/CB0005/TK0002', 'BR0037', 22, 352000),
('DT0626', 'TR0313/CB0005/TK0002', 'BR0047', 26, 221000),
('DT0627', 'TR0314/CB0006/TK0001', 'BR0009', 85, 850000),
('DT0628', 'TR0314/CB0006/TK0001', 'BR0002', 58, 185600),
('DT0629', 'TR0315/CB0006/TK0001', 'BR0006', 64, 576000),
('DT0630', 'TR0315/CB0006/TK0001', 'BR0016', 54, 594000),
('DT0631', 'TR0316/CB0007/TK0002', 'BR0021', 85, 382500),
('DT0632', 'TR0316/CB0007/TK0002', 'BR0029', 97, 1067000),
('DT0633', 'TR0317/CB0007/TK0002', 'BR0033', 13, 65000),
('DT0634', 'TR0317/CB0007/TK0002', 'BR0035', 75, 187500),
('DT0635', 'TR0318/CB0008/TK0003', 'BR0039', 14, 203000),
('DT0636', 'TR0318/CB0008/TK0003', 'BR0003', 3, 15000),
('DT0637', 'TR0319/CB0008/TK0003', 'BR0011', 9, 40500),
('DT0638', 'TR0319/CB0008/TK0003', 'BR0015', 27, 248400),
('DT0639', 'TR0320/CB0008/TK0003', 'BR0027', 84, 252000),
('DT0640', 'TR0320/CB0008/TK0003', 'BR0048', 40, 1140000),
('DT0641', 'TR0321/CB0009/TK0001', 'BR0018', 43, 795500),
('DT0642', 'TR0321/CB0009/TK0001', 'BR0019', 91, 1001000),
('DT0643', 'TR0322/CB0009/TK0001', 'BR0024', 87, 478500),
('DT0644', 'TR0322/CB0009/TK0001', 'BR0031', 37, 370000),
('DT0645', 'TR0323/CB0009/TK0001', 'BR0042', 18, 153000),
('DT0646', 'TR0323/CB0009/TK0001', 'BR0050', 85, 1530000),
('DT0647', 'TR0324/CB0010/TK0001', 'BR0005', 93, 279000),
('DT0648', 'TR0324/CB0010/TK0001', 'BR0010', 21, 63000),
('DT0649', 'TR0325/CB0010/TK0001', 'BR0012', 87, 261000),
('DT0650', 'TR0325/CB0010/TK0001', 'BR0017', 17, 110500),
('DT0651', 'TR0326/CB0001/TK0001', 'BR0004', 34, 374000),
('DT0652', 'TR0326/CB0001/TK0001', 'BR0008', 50, 700000),
('DT0653', 'TR0327/CB0001/TK0001', 'BR0022', 60, 390000),
('DT0654', 'TR0327/CB0001/TK0001', 'BR0028', 60, 360000),
('DT0655', 'TR0328/CB0001/TK0001', 'BR0032', 5, 110000),
('DT0656', 'TR0328/CB0001/TK0001', 'BR0041', 8, 44000),
('DT0657', 'TR0329/CB0002/TK0002', 'BR0046', 48, 120000),
('DT0658', 'TR0329/CB0002/TK0002', 'BR0013', 21, 105000),
('DT0659', 'TR0330/CB0002/TK0002', 'BR0023', 36, 306000),
('DT0660', 'TR0330/CB0002/TK0002', 'BR0030', 7, 63000),
('DT0661', 'TR0331/CB0002/TK0002', 'BR0034', 49, 1249500),
('DT0662', 'TR0331/CB0002/TK0002', 'BR0036', 61, 305000),
('DT0663', 'TR0332/CB0003/TK0003', 'BR0040', 70, 525000),
('DT0664', 'TR0332/CB0003/TK0003', 'BR0044', 39, 97500),
('DT0665', 'TR0333/CB0003/TK0003', 'BR0038', 100, 1150000),
('DT0666', 'TR0333/CB0003/TK0003', 'BR0043', 6, 366000),
('DT0667', 'TR0334/CB0004/TK0003', 'BR0045', 83, 249000),
('DT0668', 'TR0334/CB0004/TK0003', 'BR0049', 6, 300000),
('DT0669', 'TR0335/CB0004/TK0003', 'BR0014', 58, 388600),
('DT0670', 'TR0335/CB0004/TK0003', 'BR0020', 88, 968000),
('DT0671', 'TR0336/CB0005/TK0002', 'BR0025', 48, 240000),
('DT0672', 'TR0336/CB0005/TK0002', 'BR0001', 53, 318000),
('DT0673', 'TR0337/CB0005/TK0002', 'BR0007', 7, 154000),
('DT0674', 'TR0337/CB0005/TK0002', 'BR0026', 3, 13500),
('DT0675', 'TR0338/CB0005/TK0002', 'BR0037', 44, 704000),
('DT0676', 'TR0338/CB0005/TK0002', 'BR0047', 69, 586500),
('DT0677', 'TR0339/CB0006/TK0001', 'BR0009', 49, 490000),
('DT0678', 'TR0339/CB0006/TK0001', 'BR0002', 82, 262400),
('DT0679', 'TR0340/CB0006/TK0001', 'BR0006', 3, 27000),
('DT0680', 'TR0340/CB0006/TK0001', 'BR0016', 91, 1001000),
('DT0681', 'TR0341/CB0007/TK0002', 'BR0021', 97, 436500),
('DT0682', 'TR0341/CB0007/TK0002', 'BR0029', 22, 242000),
('DT0683', 'TR0342/CB0007/TK0002', 'BR0033', 12, 60000),
('DT0684', 'TR0342/CB0007/TK0002', 'BR0035', 46, 115000),
('DT0685', 'TR0343/CB0008/TK0003', 'BR0039', 100, 1450000),
('DT0686', 'TR0343/CB0008/TK0003', 'BR0003', 94, 470000),
('DT0687', 'TR0344/CB0008/TK0003', 'BR0011', 46, 207000),
('DT0688', 'TR0344/CB0008/TK0003', 'BR0015', 43, 395600),
('DT0689', 'TR0345/CB0008/TK0003', 'BR0027', 40, 120000),
('DT0690', 'TR0345/CB0008/TK0003', 'BR0048', 18, 513000),
('DT0691', 'TR0346/CB0009/TK0001', 'BR0018', 70, 1295000),
('DT0692', 'TR0346/CB0009/TK0001', 'BR0019', 85, 935000),
('DT0693', 'TR0347/CB0009/TK0001', 'BR0024', 27, 148500),
('DT0694', 'TR0347/CB0009/TK0001', 'BR0031', 77, 770000),
('DT0695', 'TR0348/CB0009/TK0001', 'BR0042', 94, 799000),
('DT0696', 'TR0348/CB0009/TK0001', 'BR0050', 65, 1170000),
('DT0697', 'TR0349/CB0010/TK0001', 'BR0005', 8, 24000),
('DT0698', 'TR0349/CB0010/TK0001', 'BR0010', 37, 111000),
('DT0699', 'TR0350/CB0010/TK0001', 'BR0012', 30, 90000),
('DT0700', 'TR0350/CB0010/TK0001', 'BR0017', 69, 448500),
('DT0701', 'TR0351/CB0001/TK0001', 'BR0004', 12, 132000),
('DT0702', 'TR0351/CB0001/TK0001', 'BR0008', 15, 210000),
('DT0703', 'TR0352/CB0001/TK0001', 'BR0022', 29, 188500),
('DT0704', 'TR0352/CB0001/TK0001', 'BR0028', 81, 486000),
('DT0705', 'TR0353/CB0001/TK0001', 'BR0032', 18, 396000),
('DT0706', 'TR0353/CB0001/TK0001', 'BR0041', 51, 280500),
('DT0707', 'TR0354/CB0002/TK0002', 'BR0046', 7, 17500),
('DT0708', 'TR0354/CB0002/TK0002', 'BR0013', 9, 45000),
('DT0709', 'TR0355/CB0002/TK0002', 'BR0023', 25, 212500),
('DT0710', 'TR0355/CB0002/TK0002', 'BR0030', 89, 801000),
('DT0711', 'TR0356/CB0002/TK0002', 'BR0034', 35, 892500),
('DT0712', 'TR0356/CB0002/TK0002', 'BR0036', 38, 190000),
('DT0713', 'TR0357/CB0003/TK0003', 'BR0040', 62, 465000),
('DT0714', 'TR0357/CB0003/TK0003', 'BR0044', 81, 202500),
('DT0715', 'TR0358/CB0003/TK0003', 'BR0038', 31, 356500),
('DT0716', 'TR0358/CB0003/TK0003', 'BR0043', 1, 61000),
('DT0717', 'TR0359/CB0004/TK0003', 'BR0045', 57, 171000),
('DT0718', 'TR0359/CB0004/TK0003', 'BR0049', 86, 4300000),
('DT0719', 'TR0360/CB0004/TK0003', 'BR0014', 53, 355100),
('DT0720', 'TR0360/CB0004/TK0003', 'BR0020', 79, 869000),
('DT0721', 'TR0361/CB0005/TK0002', 'BR0025', 31, 155000),
('DT0722', 'TR0361/CB0005/TK0002', 'BR0001', 96, 576000),
('DT0723', 'TR0362/CB0005/TK0002', 'BR0007', 30, 660000),
('DT0724', 'TR0362/CB0005/TK0002', 'BR0026', 76, 342000),
('DT0725', 'TR0363/CB0005/TK0002', 'BR0037', 53, 848000),
('DT0726', 'TR0363/CB0005/TK0002', 'BR0047', 23, 195500),
('DT0727', 'TR0364/CB0006/TK0001', 'BR0009', 90, 900000),
('DT0728', 'TR0364/CB0006/TK0001', 'BR0002', 96, 307200),
('DT0729', 'TR0365/CB0006/TK0001', 'BR0006', 79, 711000),
('DT0730', 'TR0365/CB0006/TK0001', 'BR0016', 43, 473000),
('DT0731', 'TR0366/CB0007/TK0002', 'BR0021', 51, 229500),
('DT0732', 'TR0366/CB0007/TK0002', 'BR0029', 64, 704000),
('DT0733', 'TR0367/CB0007/TK0002', 'BR0033', 40, 200000),
('DT0734', 'TR0367/CB0007/TK0002', 'BR0035', 23, 57500),
('DT0735', 'TR0368/CB0008/TK0003', 'BR0039', 51, 739500),
('DT0736', 'TR0368/CB0008/TK0003', 'BR0003', 89, 445000),
('DT0737', 'TR0369/CB0008/TK0003', 'BR0011', 14, 63000),
('DT0738', 'TR0369/CB0008/TK0003', 'BR0015', 70, 644000),
('DT0739', 'TR0370/CB0008/TK0003', 'BR0027', 93, 279000),
('DT0740', 'TR0370/CB0008/TK0003', 'BR0048', 92, 2622000),
('DT0741', 'TR0371/CB0009/TK0001', 'BR0018', 87, 1609500),
('DT0742', 'TR0371/CB0009/TK0001', 'BR0019', 44, 484000),
('DT0743', 'TR0372/CB0009/TK0001', 'BR0024', 57, 313500),
('DT0744', 'TR0372/CB0009/TK0001', 'BR0031', 94, 940000),
('DT0745', 'TR0373/CB0009/TK0001', 'BR0042', 12, 102000),
('DT0746', 'TR0373/CB0009/TK0001', 'BR0050', 34, 612000),
('DT0747', 'TR0374/CB0010/TK0001', 'BR0005', 84, 252000),
('DT0748', 'TR0374/CB0010/TK0001', 'BR0010', 28, 84000),
('DT0749', 'TR0375/CB0010/TK0001', 'BR0012', 3, 9000),
('DT0750', 'TR0375/CB0010/TK0001', 'BR0017', 38, 247000),
('DT0751', 'TR0376/CB0001/TK0001', 'BR0004', 57, 627000),
('DT0752', 'TR0376/CB0001/TK0001', 'BR0008', 4, 56000),
('DT0753', 'TR0377/CB0001/TK0001', 'BR0022', 23, 149500),
('DT0754', 'TR0377/CB0001/TK0001', 'BR0028', 6, 36000),
('DT0755', 'TR0378/CB0001/TK0001', 'BR0032', 22, 484000),
('DT0756', 'TR0378/CB0001/TK0001', 'BR0041', 60, 330000),
('DT0757', 'TR0379/CB0002/TK0002', 'BR0046', 4, 10000),
('DT0758', 'TR0379/CB0002/TK0002', 'BR0013', 82, 410000),
('DT0759', 'TR0380/CB0002/TK0002', 'BR0023', 50, 425000),
('DT0760', 'TR0380/CB0002/TK0002', 'BR0030', 12, 108000),
('DT0761', 'TR0381/CB0002/TK0002', 'BR0034', 83, 2116500),
('DT0762', 'TR0381/CB0002/TK0002', 'BR0036', 39, 195000),
('DT0763', 'TR0382/CB0003/TK0003', 'BR0040', 30, 225000),
('DT0764', 'TR0382/CB0003/TK0003', 'BR0044', 9, 22500),
('DT0765', 'TR0383/CB0003/TK0003', 'BR0038', 88, 1012000),
('DT0766', 'TR0383/CB0003/TK0003', 'BR0043', 86, 5246000),
('DT0767', 'TR0384/CB0004/TK0003', 'BR0045', 4, 12000),
('DT0768', 'TR0384/CB0004/TK0003', 'BR0049', 94, 4700000),
('DT0769', 'TR0385/CB0004/TK0003', 'BR0014', 51, 341700),
('DT0770', 'TR0385/CB0004/TK0003', 'BR0020', 80, 880000),
('DT0771', 'TR0386/CB0005/TK0002', 'BR0025', 37, 185000),
('DT0772', 'TR0386/CB0005/TK0002', 'BR0001', 60, 360000),
('DT0773', 'TR0387/CB0005/TK0002', 'BR0007', 11, 242000),
('DT0774', 'TR0387/CB0005/TK0002', 'BR0026', 100, 450000),
('DT0775', 'TR0388/CB0005/TK0002', 'BR0037', 59, 944000),
('DT0776', 'TR0388/CB0005/TK0002', 'BR0047', 1, 8500),
('DT0777', 'TR0389/CB0006/TK0001', 'BR0009', 59, 590000),
('DT0778', 'TR0389/CB0006/TK0001', 'BR0002', 51, 163200),
('DT0779', 'TR0390/CB0006/TK0001', 'BR0006', 93, 837000),
('DT0780', 'TR0390/CB0006/TK0001', 'BR0016', 64, 704000),
('DT0781', 'TR0391/CB0007/TK0002', 'BR0021', 54, 243000),
('DT0782', 'TR0391/CB0007/TK0002', 'BR0029', 33, 363000),
('DT0783', 'TR0392/CB0007/TK0002', 'BR0033', 49, 245000),
('DT0784', 'TR0392/CB0007/TK0002', 'BR0035', 71, 177500),
('DT0785', 'TR0393/CB0008/TK0003', 'BR0039', 81, 1174500),
('DT0786', 'TR0393/CB0008/TK0003', 'BR0003', 11, 55000),
('DT0787', 'TR0394/CB0008/TK0003', 'BR0011', 49, 220500),
('DT0788', 'TR0394/CB0008/TK0003', 'BR0015', 36, 331200),
('DT0789', 'TR0395/CB0008/TK0003', 'BR0027', 62, 186000),
('DT0790', 'TR0395/CB0008/TK0003', 'BR0048', 59, 1681500),
('DT0791', 'TR0396/CB0009/TK0001', 'BR0018', 34, 629000),
('DT0792', 'TR0396/CB0009/TK0001', 'BR0019', 64, 704000),
('DT0793', 'TR0397/CB0009/TK0001', 'BR0024', 62, 341000),
('DT0794', 'TR0397/CB0009/TK0001', 'BR0031', 58, 580000),
('DT0795', 'TR0398/CB0009/TK0001', 'BR0042', 8, 68000),
('DT0796', 'TR0398/CB0009/TK0001', 'BR0050', 100, 1800000),
('DT0797', 'TR0399/CB0010/TK0001', 'BR0005', 68, 204000),
('DT0798', 'TR0399/CB0010/TK0001', 'BR0010', 4, 12000),
('DT0799', 'TR0400/CB0010/TK0001', 'BR0012', 46, 138000),
('DT0800', 'TR0400/CB0010/TK0001', 'BR0017', 9, 58500),
('DT0801', 'TR0401/CB0001/TK0001', 'BR0004', 74, 814000),
('DT0802', 'TR0401/CB0001/TK0001', 'BR0008', 88, 1232000),
('DT0803', 'TR0402/CB0001/TK0001', 'BR0022', 62, 403000),
('DT0804', 'TR0402/CB0001/TK0001', 'BR0028', 6, 36000),
('DT0805', 'TR0403/CB0001/TK0001', 'BR0032', 46, 1012000),
('DT0806', 'TR0403/CB0001/TK0001', 'BR0041', 53, 291500),
('DT0807', 'TR0404/CB0002/TK0002', 'BR0046', 89, 222500),
('DT0808', 'TR0404/CB0002/TK0002', 'BR0013', 87, 435000),
('DT0809', 'TR0405/CB0002/TK0002', 'BR0023', 91, 773500),
('DT0810', 'TR0405/CB0002/TK0002', 'BR0030', 35, 315000),
('DT0811', 'TR0406/CB0002/TK0002', 'BR0034', 32, 816000),
('DT0812', 'TR0406/CB0002/TK0002', 'BR0036', 72, 360000),
('DT0813', 'TR0407/CB0003/TK0003', 'BR0040', 53, 397500),
('DT0814', 'TR0407/CB0003/TK0003', 'BR0044', 37, 92500),
('DT0815', 'TR0408/CB0003/TK0003', 'BR0038', 65, 747500),
('DT0816', 'TR0408/CB0003/TK0003', 'BR0043', 24, 1464000),
('DT0817', 'TR0409/CB0004/TK0003', 'BR0045', 18, 54000),
('DT0818', 'TR0409/CB0004/TK0003', 'BR0049', 76, 3800000),
('DT0819', 'TR0410/CB0004/TK0003', 'BR0014', 19, 127300),
('DT0820', 'TR0410/CB0004/TK0003', 'BR0020', 99, 1089000),
('DT0821', 'TR0411/CB0005/TK0002', 'BR0025', 75, 375000),
('DT0822', 'TR0411/CB0005/TK0002', 'BR0001', 20, 120000),
('DT0823', 'TR0412/CB0005/TK0002', 'BR0007', 20, 440000),
('DT0824', 'TR0412/CB0005/TK0002', 'BR0026', 15, 67500),
('DT0825', 'TR0413/CB0005/TK0002', 'BR0037', 52, 832000),
('DT0826', 'TR0413/CB0005/TK0002', 'BR0047', 61, 518500),
('DT0827', 'TR0414/CB0006/TK0001', 'BR0009', 69, 690000),
('DT0828', 'TR0414/CB0006/TK0001', 'BR0002', 10, 32000),
('DT0829', 'TR0415/CB0006/TK0001', 'BR0006', 85, 765000),
('DT0830', 'TR0415/CB0006/TK0001', 'BR0016', 16, 176000),
('DT0831', 'TR0416/CB0007/TK0002', 'BR0021', 13, 58500),
('DT0832', 'TR0416/CB0007/TK0002', 'BR0029', 57, 627000),
('DT0833', 'TR0417/CB0007/TK0002', 'BR0033', 70, 350000),
('DT0834', 'TR0417/CB0007/TK0002', 'BR0035', 89, 222500),
('DT0835', 'TR0418/CB0008/TK0003', 'BR0039', 83, 1203500),
('DT0836', 'TR0418/CB0008/TK0003', 'BR0003', 38, 190000),
('DT0837', 'TR0419/CB0008/TK0003', 'BR0011', 40, 180000),
('DT0838', 'TR0419/CB0008/TK0003', 'BR0015', 80, 736000),
('DT0839', 'TR0420/CB0008/TK0003', 'BR0027', 8, 24000),
('DT0840', 'TR0420/CB0008/TK0003', 'BR0048', 72, 2052000),
('DT0841', 'TR0421/CB0009/TK0001', 'BR0018', 86, 1591000),
('DT0842', 'TR0421/CB0009/TK0001', 'BR0019', 77, 847000),
('DT0843', 'TR0422/CB0009/TK0001', 'BR0024', 18, 99000),
('DT0844', 'TR0422/CB0009/TK0001', 'BR0031', 4, 40000),
('DT0845', 'TR0423/CB0009/TK0001', 'BR0042', 83, 705500),
('DT0846', 'TR0423/CB0009/TK0001', 'BR0050', 70, 1260000),
('DT0847', 'TR0424/CB0010/TK0001', 'BR0005', 40, 120000),
('DT0848', 'TR0424/CB0010/TK0001', 'BR0010', 18, 54000),
('DT0849', 'TR0425/CB0010/TK0001', 'BR0012', 57, 171000),
('DT0850', 'TR0425/CB0010/TK0001', 'BR0017', 20, 130000),
('DT0851', 'TR0426/CB0001/TK0001', 'BR0004', 40, 440000),
('DT0852', 'TR0426/CB0001/TK0001', 'BR0008', 7, 98000),
('DT0853', 'TR0427/CB0001/TK0001', 'BR0022', 31, 201500),
('DT0854', 'TR0427/CB0001/TK0001', 'BR0028', 20, 120000),
('DT0855', 'TR0428/CB0001/TK0001', 'BR0032', 44, 968000),
('DT0856', 'TR0428/CB0001/TK0001', 'BR0041', 35, 192500),
('DT0857', 'TR0429/CB0002/TK0002', 'BR0046', 66, 165000),
('DT0858', 'TR0429/CB0002/TK0002', 'BR0013', 43, 215000),
('DT0859', 'TR0430/CB0002/TK0002', 'BR0023', 15, 127500),
('DT0860', 'TR0430/CB0002/TK0002', 'BR0030', 24, 216000),
('DT0861', 'TR0431/CB0002/TK0002', 'BR0034', 34, 867000),
('DT0862', 'TR0431/CB0002/TK0002', 'BR0036', 81, 405000),
('DT0863', 'TR0432/CB0003/TK0003', 'BR0040', 52, 390000),
('DT0864', 'TR0432/CB0003/TK0003', 'BR0044', 64, 160000),
('DT0865', 'TR0433/CB0003/TK0003', 'BR0038', 71, 816500),
('DT0866', 'TR0433/CB0003/TK0003', 'BR0043', 27, 1647000),
('DT0867', 'TR0434/CB0004/TK0003', 'BR0045', 64, 192000),
('DT0868', 'TR0434/CB0004/TK0003', 'BR0049', 34, 1700000),
('DT0869', 'TR0435/CB0004/TK0003', 'BR0014', 51, 341700),
('DT0870', 'TR0435/CB0004/TK0003', 'BR0020', 92, 1012000),
('DT0871', 'TR0436/CB0005/TK0002', 'BR0025', 78, 390000),
('DT0872', 'TR0436/CB0005/TK0002', 'BR0001', 53, 318000),
('DT0873', 'TR0437/CB0005/TK0002', 'BR0007', 51, 1122000),
('DT0874', 'TR0437/CB0005/TK0002', 'BR0026', 86, 387000),
('DT0875', 'TR0438/CB0005/TK0002', 'BR0037', 20, 320000),
('DT0876', 'TR0438/CB0005/TK0002', 'BR0047', 22, 187000),
('DT0877', 'TR0439/CB0006/TK0001', 'BR0009', 37, 370000),
('DT0878', 'TR0439/CB0006/TK0001', 'BR0002', 13, 41600),
('DT0879', 'TR0440/CB0006/TK0001', 'BR0006', 82, 738000),
('DT0880', 'TR0440/CB0006/TK0001', 'BR0016', 21, 231000),
('DT0881', 'TR0441/CB0007/TK0002', 'BR0021', 73, 328500),
('DT0882', 'TR0441/CB0007/TK0002', 'BR0029', 100, 1100000),
('DT0883', 'TR0442/CB0007/TK0002', 'BR0033', 30, 150000),
('DT0884', 'TR0442/CB0007/TK0002', 'BR0035', 55, 137500),
('DT0885', 'TR0443/CB0008/TK0003', 'BR0039', 22, 319000),
('DT0886', 'TR0443/CB0008/TK0003', 'BR0003', 94, 470000),
('DT0887', 'TR0444/CB0008/TK0003', 'BR0011', 85, 382500),
('DT0888', 'TR0444/CB0008/TK0003', 'BR0015', 34, 312800),
('DT0889', 'TR0445/CB0008/TK0003', 'BR0027', 5, 15000),
('DT0890', 'TR0445/CB0008/TK0003', 'BR0048', 60, 1710000),
('DT0891', 'TR0446/CB0009/TK0001', 'BR0018', 53, 980500),
('DT0892', 'TR0446/CB0009/TK0001', 'BR0019', 60, 660000),
('DT0893', 'TR0447/CB0009/TK0001', 'BR0024', 24, 132000);
INSERT INTO `detail_transaksi` (`ID_DETAIL`, `ID_TRANSAKSI`, `ID_BARANG`, `JUMLAH`, `SUB_TOTAL`) VALUES
('DT0894', 'TR0447/CB0009/TK0001', 'BR0031', 76, 760000),
('DT0895', 'TR0448/CB0009/TK0001', 'BR0042', 93, 790500),
('DT0896', 'TR0448/CB0009/TK0001', 'BR0050', 35, 630000),
('DT0897', 'TR0449/CB0010/TK0001', 'BR0005', 48, 144000),
('DT0898', 'TR0449/CB0010/TK0001', 'BR0010', 51, 153000),
('DT0899', 'TR0450/CB0010/TK0001', 'BR0012', 41, 123000),
('DT0900', 'TR0450/CB0010/TK0001', 'BR0017', 64, 416000),
('DT0901', 'TR0451/CB0001/TK0001', 'BR0004', 21, 231000),
('DT0902', 'TR0451/CB0001/TK0001', 'BR0008', 17, 238000),
('DT0903', 'TR0452/CB0001/TK0001', 'BR0022', 64, 416000),
('DT0904', 'TR0452/CB0001/TK0001', 'BR0028', 15, 90000),
('DT0905', 'TR0453/CB0001/TK0001', 'BR0032', 79, 1738000),
('DT0906', 'TR0453/CB0001/TK0001', 'BR0041', 56, 308000),
('DT0907', 'TR0454/CB0002/TK0002', 'BR0046', 32, 80000),
('DT0908', 'TR0454/CB0002/TK0002', 'BR0013', 15, 75000),
('DT0909', 'TR0455/CB0002/TK0002', 'BR0023', 79, 671500),
('DT0910', 'TR0455/CB0002/TK0002', 'BR0030', 2, 18000),
('DT0911', 'TR0456/CB0002/TK0002', 'BR0034', 11, 280500),
('DT0912', 'TR0456/CB0002/TK0002', 'BR0036', 34, 170000),
('DT0913', 'TR0457/CB0003/TK0003', 'BR0040', 7, 52500),
('DT0914', 'TR0457/CB0003/TK0003', 'BR0044', 72, 180000),
('DT0915', 'TR0458/CB0003/TK0003', 'BR0038', 100, 1150000),
('DT0916', 'TR0458/CB0003/TK0003', 'BR0043', 61, 3721000),
('DT0917', 'TR0459/CB0004/TK0003', 'BR0045', 5, 15000),
('DT0918', 'TR0459/CB0004/TK0003', 'BR0049', 80, 4000000),
('DT0919', 'TR0460/CB0004/TK0003', 'BR0014', 78, 522600),
('DT0920', 'TR0460/CB0004/TK0003', 'BR0020', 38, 418000),
('DT0921', 'TR0461/CB0005/TK0002', 'BR0025', 31, 155000),
('DT0922', 'TR0461/CB0005/TK0002', 'BR0001', 32, 192000),
('DT0923', 'TR0462/CB0005/TK0002', 'BR0007', 81, 1782000),
('DT0924', 'TR0462/CB0005/TK0002', 'BR0026', 9, 40500),
('DT0925', 'TR0463/CB0005/TK0002', 'BR0037', 7, 112000),
('DT0926', 'TR0463/CB0005/TK0002', 'BR0047', 61, 518500),
('DT0927', 'TR0464/CB0006/TK0001', 'BR0009', 45, 450000),
('DT0928', 'TR0464/CB0006/TK0001', 'BR0002', 21, 67200),
('DT0929', 'TR0465/CB0006/TK0001', 'BR0006', 36, 324000),
('DT0930', 'TR0465/CB0006/TK0001', 'BR0016', 31, 341000),
('DT0931', 'TR0466/CB0007/TK0002', 'BR0021', 95, 427500),
('DT0932', 'TR0466/CB0007/TK0002', 'BR0029', 86, 946000),
('DT0933', 'TR0467/CB0007/TK0002', 'BR0033', 18, 90000),
('DT0934', 'TR0467/CB0007/TK0002', 'BR0035', 88, 220000),
('DT0935', 'TR0468/CB0008/TK0003', 'BR0039', 64, 928000),
('DT0936', 'TR0468/CB0008/TK0003', 'BR0003', 39, 195000),
('DT0937', 'TR0469/CB0008/TK0003', 'BR0011', 7, 31500),
('DT0938', 'TR0469/CB0008/TK0003', 'BR0015', 28, 257600),
('DT0939', 'TR0470/CB0008/TK0003', 'BR0027', 72, 216000),
('DT0940', 'TR0470/CB0008/TK0003', 'BR0048', 57, 1624500),
('DT0941', 'TR0471/CB0009/TK0001', 'BR0018', 32, 592000),
('DT0942', 'TR0471/CB0009/TK0001', 'BR0019', 22, 242000),
('DT0943', 'TR0472/CB0009/TK0001', 'BR0024', 81, 445500),
('DT0944', 'TR0472/CB0009/TK0001', 'BR0031', 88, 880000),
('DT0945', 'TR0473/CB0009/TK0001', 'BR0042', 13, 110500),
('DT0946', 'TR0473/CB0009/TK0001', 'BR0050', 65, 1170000),
('DT0947', 'TR0474/CB0010/TK0001', 'BR0005', 62, 186000),
('DT0948', 'TR0474/CB0010/TK0001', 'BR0010', 44, 132000),
('DT0949', 'TR0475/CB0010/TK0001', 'BR0012', 82, 246000),
('DT0950', 'TR0475/CB0010/TK0001', 'BR0017', 82, 533000),
('DT0951', 'TR0476/CB0001/TK0001', 'BR0004', 48, 528000),
('DT0952', 'TR0476/CB0001/TK0001', 'BR0008', 23, 322000),
('DT0953', 'TR0477/CB0001/TK0001', 'BR0022', 8, 52000),
('DT0954', 'TR0477/CB0001/TK0001', 'BR0028', 36, 216000),
('DT0955', 'TR0478/CB0001/TK0001', 'BR0032', 22, 484000),
('DT0956', 'TR0478/CB0001/TK0001', 'BR0041', 61, 335500),
('DT0957', 'TR0479/CB0002/TK0002', 'BR0046', 18, 45000),
('DT0958', 'TR0479/CB0002/TK0002', 'BR0013', 24, 120000),
('DT0959', 'TR0480/CB0002/TK0002', 'BR0023', 95, 807500),
('DT0960', 'TR0480/CB0002/TK0002', 'BR0030', 68, 612000),
('DT0961', 'TR0481/CB0002/TK0002', 'BR0034', 95, 2422500),
('DT0962', 'TR0481/CB0002/TK0002', 'BR0036', 100, 500000),
('DT0963', 'TR0482/CB0003/TK0003', 'BR0040', 66, 495000),
('DT0964', 'TR0482/CB0003/TK0003', 'BR0044', 44, 110000),
('DT0965', 'TR0483/CB0003/TK0003', 'BR0038', 46, 529000),
('DT0966', 'TR0483/CB0003/TK0003', 'BR0043', 55, 3355000),
('DT0967', 'TR0484/CB0004/TK0003', 'BR0045', 80, 240000),
('DT0968', 'TR0484/CB0004/TK0003', 'BR0049', 91, 4550000),
('DT0969', 'TR0485/CB0004/TK0003', 'BR0014', 86, 576200),
('DT0970', 'TR0485/CB0004/TK0003', 'BR0020', 30, 330000),
('DT0971', 'TR0486/CB0005/TK0002', 'BR0025', 38, 190000),
('DT0972', 'TR0486/CB0005/TK0002', 'BR0001', 84, 504000),
('DT0973', 'TR0487/CB0005/TK0002', 'BR0007', 94, 2068000),
('DT0974', 'TR0487/CB0005/TK0002', 'BR0026', 83, 373500),
('DT0975', 'TR0488/CB0005/TK0002', 'BR0037', 90, 1440000),
('DT0976', 'TR0488/CB0005/TK0002', 'BR0047', 36, 306000),
('DT0977', 'TR0489/CB0006/TK0001', 'BR0009', 41, 410000),
('DT0978', 'TR0489/CB0006/TK0001', 'BR0002', 92, 294400),
('DT0979', 'TR0490/CB0006/TK0001', 'BR0006', 67, 603000),
('DT0980', 'TR0490/CB0006/TK0001', 'BR0016', 29, 319000),
('DT0981', 'TR0491/CB0007/TK0002', 'BR0021', 44, 198000),
('DT0982', 'TR0491/CB0007/TK0002', 'BR0029', 73, 803000),
('DT0983', 'TR0492/CB0007/TK0002', 'BR0033', 32, 160000),
('DT0984', 'TR0492/CB0007/TK0002', 'BR0035', 99, 247500),
('DT0985', 'TR0493/CB0008/TK0003', 'BR0039', 66, 957000),
('DT0986', 'TR0493/CB0008/TK0003', 'BR0003', 82, 410000),
('DT0987', 'TR0494/CB0008/TK0003', 'BR0011', 55, 247500),
('DT0988', 'TR0494/CB0008/TK0003', 'BR0015', 86, 791200),
('DT0989', 'TR0495/CB0008/TK0003', 'BR0027', 68, 204000),
('DT0990', 'TR0495/CB0008/TK0003', 'BR0048', 19, 541500),
('DT0991', 'TR0496/CB0009/TK0001', 'BR0018', 18, 333000),
('DT0992', 'TR0496/CB0009/TK0001', 'BR0019', 2, 22000),
('DT0993', 'TR0497/CB0009/TK0001', 'BR0024', 29, 159500),
('DT0994', 'TR0497/CB0009/TK0001', 'BR0031', 70, 700000),
('DT0995', 'TR0498/CB0009/TK0001', 'BR0042', 61, 518500),
('DT0996', 'TR0498/CB0009/TK0001', 'BR0050', 86, 1548000),
('DT0997', 'TR0499/CB0010/TK0001', 'BR0005', 32, 96000),
('DT0998', 'TR0499/CB0010/TK0001', 'BR0010', 37, 111000),
('DT0999', 'TR0500/CB0010/TK0001', 'BR0012', 97, 291000),
('DT1000', 'TR0500/CB0010/TK0001', 'BR0017', 79, 513500);

-- --------------------------------------------------------

--
-- Struktur dari tabel `jenis_barang`
--

CREATE TABLE `jenis_barang` (
  `ID_JENIS` varchar(6) NOT NULL,
  `NAMA_JENIS` varchar(50) NOT NULL
) ENGINE=InnoDB DEFAULT CHARSET=latin1;

--
-- Dumping data untuk tabel `jenis_barang`
--

INSERT INTO `jenis_barang` (`ID_JENIS`, `NAMA_JENIS`) VALUES
('JB0001', 'MAKANAN'),
('JB0002', 'MINUMAN'),
('JB0003', 'PASTA GIGI'),
('JB0004', 'SNACK'),
('JB0005', 'ICE CREAM'),
('JB0006', 'SHAMPOO'),
('JB0007', 'MINYAK GORENG'),
('JB0008', 'PARFUM'),
('JB0009', 'TISSUE'),
('JB0010', 'ROKOK'),
('JB0011', 'MIE INSTAN'),
('JB0012', 'BUMBU DAPUR'),
('JB0013', 'PAKAIAN'),
('JB0014', 'PEMBERSIH MUKA'),
('JB0015', 'SABUN MANDI'),
('JB0016', 'SABUN CUCI PIRING'),
('JB0017', 'SABUN CUCI BAJU'),
('JB0018', 'OBAT-OBATAN'),
('JB0019', 'PERALATAN RUMAH TANGGA'),
('JB0020', 'ALAT TULIS KANTOR');

-- --------------------------------------------------------

--
-- Struktur dari tabel `kota`
--

CREATE TABLE `kota` (
  `ID_KOTA` varchar(6) NOT NULL,
  `NAMA_KOTA` varchar(50) NOT NULL
) ENGINE=InnoDB DEFAULT CHARSET=latin1;

--
-- Dumping data untuk tabel `kota`
--

INSERT INTO `kota` (`ID_KOTA`, `NAMA_KOTA`) VALUES
('KT0001', 'SURABAYA'),
('KT0002', 'MALANG'),
('KT0003', 'PASURUAN'),
('KT0004', 'KEDIRI'),
('KT0005', 'BATU');

-- --------------------------------------------------------

--
-- Struktur dari tabel `pegawai`
--

CREATE TABLE `pegawai` (
  `ID_PEGAWAI` varchar(6) NOT NULL,
  `ID_ATASAN` varchar(6) DEFAULT NULL,
  `ID_CABANG` varchar(6) DEFAULT NULL,
  `NAMA_PEGAWAI` varchar(50) NOT NULL,
  `JK_PEGAWAI` char(1) NOT NULL,
  `ALAMAT_PEGAWAI` varchar(100) NOT NULL,
  `TELPON_PEGAWAI` varchar(15) NOT NULL,
  `STATUS_PEGAWAI` varchar(25) NOT NULL
) ENGINE=InnoDB DEFAULT CHARSET=latin1;

--
-- Dumping data untuk tabel `pegawai`
--

INSERT INTO `pegawai` (`ID_PEGAWAI`, `ID_ATASAN`, `ID_CABANG`, `NAMA_PEGAWAI`, `JK_PEGAWAI`, `ALAMAT_PEGAWAI`, `TELPON_PEGAWAI`, `STATUS_PEGAWAI`) VALUES
('PG0001', NULL, 'CB0001', 'Qory Insyira Rahmat', 'L', 'Jl.Terus No.69', '089889765441', 'Aktif'),
('PG0002', 'PG0001', 'CB0001', 'Randika Putri C.', 'L', 'Jl.Ngadat No.100', '088765981223', 'Aktif'),
('PG0003', NULL, 'CB0002', 'Vika Nurjana', 'P', 'Perum.Turen indah', '085433578990', 'Aktif'),
('PG0004', 'PG0003', 'CB0002', 'Yuliana Putri S.', 'P', 'Jl.Kelinci No.98', '081232443778', 'Aktif'),
('PG0005', NULL, 'CB0003', 'Fitria Olysia ', 'P', 'Jl.Badak No.66', '089997122145', 'Aktif'),
('PG0006', 'PG0005', 'CB0003', 'Sutan Arif P.', 'L', 'Jl.Banyuasin No.77', '087765567890', 'Aktif'),
('PG0007', NULL, 'CB0004', 'Murti Septa', 'P', 'Jl.Banyuanjlok No.8', '081123213456', 'Aktif'),
('PG0008', 'PG0007', 'CB0004', 'Muhammad Yunus', 'L', 'Jl.Setruman No.1', '089789009087', 'Aktif'),
('PG0009', NULL, 'CB0005', 'Eko Muhammad R.', 'L', 'Jl.Ngadat No.100', '089997657441', 'Aktif'),
('PG0010', 'PG0009', 'CB0005', 'Selena Lipa ', 'P', 'Jl.Cicak No.10', '087789987654', 'Aktif'),
('PG0011', NULL, 'CB0006', 'Teuku Da Santos', 'L', 'Jl.Protokol no.199', '083848675990', 'Aktif'),
('PG0012', 'PG0011', 'CB0006', 'Yudha Al Yordan', 'L', 'Jl.Plaosan Etan 7', '089776545323', 'Aktif'),
('PG0013', NULL, 'CB0007', 'Risky Dewa Antar', 'L', 'Jl.Bangil Alor No.9', '087990660550', 'Aktif'),
('PG0014', 'PG0013', 'CB0007', 'M.Abdullah ', 'L', 'Jl.Bareng 2 No.89', '089990880770', 'Aktif'),
('PG0015', NULL, 'CB0008', 'Sarah Aulia Sari', 'P', 'Jl.Balong 008', '082222344568', 'Aktif'),
('PG0016', 'PG0015', 'CB0008', 'Farah Nabilah P.', 'P', 'Jl.Irasojra No.189', '081123332114', 'Aktif'),
('PG0017', NULL, 'CB0009', 'Amin Insyira Rahmat', 'L', 'Jl.Terus No.69', '089990789665', 'Aktif'),
('PG0018', 'PG0017', 'CB0009', 'Marion Lala P.', 'P', 'Jl.Ntuban No.7', '083334556654', 'Aktif'),
('PG0019', NULL, 'CB0010', 'Abdul Mutholib', 'L', 'Jl.L.A.Sucip No.108', '089997876668', 'Aktif'),
('PG0020', 'PG0019', 'CB0010', 'Sulis', 'L', 'Jl.Butak No.99', '087776665445', 'Aktif');

-- --------------------------------------------------------

--
-- Struktur dari tabel `pelanggan`
--

CREATE TABLE `pelanggan` (
  `ID_PELANGGAN` varchar(6) NOT NULL,
  `ID_KOTA` varchar(6) DEFAULT NULL,
  `NAMA_PELANGGAN` varchar(50) NOT NULL,
  `ALAMAT_PELANGGAN` varchar(100) NOT NULL,
  `TELEPON_PELANGGAN` varchar(15) NOT NULL
) ENGINE=InnoDB DEFAULT CHARSET=latin1;

--
-- Dumping data untuk tabel `pelanggan`
--

INSERT INTO `pelanggan` (`ID_PELANGGAN`, `ID_KOTA`, `NAMA_PELANGGAN`, `ALAMAT_PELANGGAN`, `TELEPON_PELANGGAN`) VALUES
('PL0001', 'KT0001', 'Rusmadenta Okta', 'Jl. Bandung No. 45 ', '085796462812'),
('PL0002', 'KT0001', 'Rama Wahyu', 'Jl.Soekarno Hatta No. 78 ', '082164289711'),
('PL0003', 'KT0002', 'Muhammad Iwan', 'Jl. Rambutan No.1', '087468561232'),
('PL0004', 'KT0001', 'Yogi Tri', 'Jl. Merdeka No. 4', '089465831256'),
('PL0005', 'KT0004', 'Susi Susanti', 'Jl. Anggrek No. 9', '085846852135'),
('PL0006', 'KT0003', 'Ahmad Santoso', 'Jl. M.T Haryono No.95', '085201301200'),
('PL0007', 'KT0002', 'Roby Maulana', 'Jl. Surabaya No.78', '082123156458'),
('PL0008', 'KT0004', 'Yusuf Perdana', 'Jl. Ir. Soekarno', '085795864502'),
('PL0009', 'KT0001', 'Siska Anjani', 'Jl. Venus No. 50', '081230023652'),
('PL0010', 'KT0003', 'Iwan Dermawan ', 'Jl. Diponegoro No.46', '087984650123'),
('PL0011', 'KT0003', 'Ronald Arrival F', 'Jl. Gunung Jati No. 241', '085646319100'),
('PL0012', 'KT0002', 'Reyhan Firnas', 'Sawojajar gg 2 No 21', '085636273788'),
('PL0013', 'KT0004', 'Andy Sampurno', 'Jl. Gililapang Selatan No. 1', '082147875468'),
('PL0014', 'KT0003', 'Irfan F', 'Jl. Anggrek No. 10', '085175348453'),
('PL0015', 'KT0002', 'Weni Tri S', 'Jl. Surabaya No. 78', '0341745732'),
('PL0016', 'KT0001', 'Monica Setya', 'Jl. Venus No. 212', '088164787327'),
('PL0017', 'KT0005', 'Risma Asari', 'Sawojajar gg 4 No.87', '0341748874'),
('PL0018', 'KT0005', 'Rully Savira', 'Jl. Tlogomas No. 24', '0341865728'),
('PL0019', 'KT0004', 'Rinda Novita', 'Jl. Timor Timor gg 1 No. 1', '085632737808'),
('PL0020', 'KT0003', 'Sari Eka', 'Jl. Merdeka Barat No. 134', '082174899567');

-- --------------------------------------------------------

--
-- Struktur dari tabel `pembayaran`
--

CREATE TABLE `pembayaran` (
  `ID_PEMBAYARAN` varchar(6) NOT NULL,
  `NAMA_PEMBAYARAN` varchar(50) NOT NULL
) ENGINE=InnoDB DEFAULT CHARSET=latin1;

--
-- Dumping data untuk tabel `pembayaran`
--

INSERT INTO `pembayaran` (`ID_PEMBAYARAN`, `NAMA_PEMBAYARAN`) VALUES
('MB0001', 'TUNAI'),
('MB0002', 'BANK MANDIRI'),
('MB0003', 'BANK BCA'),
('MB0004', 'BANK BRI'),
('MB0005', 'BANK BNI');

-- --------------------------------------------------------

--
-- Struktur dari tabel `pengiriman`
--

CREATE TABLE `pengiriman` (
  `ID_PENGIRIMAN` varchar(6) NOT NULL,
  `NAMA_PENGIRIMAN` varchar(50) NOT NULL
) ENGINE=InnoDB DEFAULT CHARSET=latin1;

--
-- Dumping data untuk tabel `pengiriman`
--

INSERT INTO `pengiriman` (`ID_PENGIRIMAN`, `NAMA_PENGIRIMAN`) VALUES
('MP0001', 'DIAMBIL LANGSUNG'),
('MP0002', 'JNE'),
('MP0003', 'TIKI'),
('MP0004', 'J & T'),
('MP0005', 'POS INDONESIA');

-- --------------------------------------------------------

--
-- Struktur dari tabel `supplier`
--

CREATE TABLE `supplier` (
  `ID_SUPPLIER` varchar(6) NOT NULL,
  `ID_KOTA` varchar(6) DEFAULT NULL,
  `NAMA_SUPPLIER` varchar(50) NOT NULL,
  `ALAMAT_SUPPLIER` varchar(100) NOT NULL,
  `TELEPON_SUPPLIER` varchar(15) NOT NULL
) ENGINE=InnoDB DEFAULT CHARSET=latin1;

--
-- Dumping data untuk tabel `supplier`
--

INSERT INTO `supplier` (`ID_SUPPLIER`, `ID_KOTA`, `NAMA_SUPPLIER`, `ALAMAT_SUPPLIER`, `TELEPON_SUPPLIER`) VALUES
('SP0001', 'KT0001', 'PT.SARI WANGI', 'Jl.Sonokembang', '087759956601'),
('SP0002', 'KT0002', 'PT.SIDO MUNCUL', 'Jl.Budi Utomo', '089875246990'),
('SP0003', 'KT0003', 'PT.INDOFOOD', 'Jl.Langsep', '082389514789'),
('SP0004', 'KT0004', 'PT.SUBUR JAYA', 'Jl.Gatot Subroto', '088123842677'),
('SP0005', 'KT0005', 'PT.NUSA INDAH', 'Jl.Jalak Putih', '081344509865');

-- --------------------------------------------------------

--
-- Struktur dari tabel `toko`
--

CREATE TABLE `toko` (
  `ID_TOKO` varchar(6) NOT NULL,
  `NAMA_TOKO` varchar(50) NOT NULL,
  `ALAMAT_TOKO` varchar(100) NOT NULL,
  `TELEPON_TOKO` varchar(15) NOT NULL
) ENGINE=InnoDB DEFAULT CHARSET=latin1;

--
-- Dumping data untuk tabel `toko`
--

INSERT INTO `toko` (`ID_TOKO`, `NAMA_TOKO`, `ALAMAT_TOKO`, `TELEPON_TOKO`) VALUES
('TK0001', 'Sejahtera', 'Jl.Panglima Sudirman No. 7', '081233879315'),
('TK0002', 'Abdi Jaya', 'Jl.Cempakasari No.7', '085755561031'),
('TK0003', 'Laris', 'Jl.Danau Sentani c1/b25', '089431667815');

-- --------------------------------------------------------

--
-- Struktur dari tabel `transaksi`
--

CREATE TABLE `transaksi` (
  `ID_TRANSAKSI` varchar(24) NOT NULL,
  `ID_PELANGGAN` varchar(6) DEFAULT NULL,
  `ID_PEGAWAI` varchar(6) DEFAULT NULL,
  `ID_PEMBAYARAN` varchar(6) DEFAULT NULL,
  `ID_PENGIRIMAN` varchar(6) DEFAULT NULL,
  `TOTAL_HARGA` int(11) NOT NULL,
  `TGL_TRANSAKSI` date NOT NULL
) ENGINE=InnoDB DEFAULT CHARSET=latin1;

--
-- Dumping data untuk tabel `transaksi`
--

INSERT INTO `transaksi` (`ID_TRANSAKSI`, `ID_PELANGGAN`, `ID_PEGAWAI`, `ID_PEMBAYARAN`, `ID_PENGIRIMAN`, `TOTAL_HARGA`, `TGL_TRANSAKSI`) VALUES
('TR0001/CB0001/TK0001', 'PL0009', 'PG0001', 'MB0004', 'MP0004', 1660000, '2018-05-09'),
('TR0002/CB0001/TK0001', 'PL0003', 'PG0002', 'MB0003', 'MP0004', 120000, '2018-04-16'),
('TR0003/CB0001/TK0001', 'PL0005', 'PG0001', 'MB0004', 'MP0002', 1831500, '2018-04-14'),
('TR0004/CB0002/TK0002', 'PL0004', 'PG0004', 'MB0005', 'MP0005', 140000, '2018-07-07'),
('TR0005/CB0002/TK0002', 'PL0007', 'PG0003', 'MB0001', 'MP0001', 638500, '2018-07-16'),
('TR0006/CB0002/TK0002', 'PL0013', 'PG0003', 'MB0005', 'MP0002', 1959000, '2018-04-14'),
('TR0007/CB0003/TK0003', 'PL0015', 'PG0005', 'MB0003', 'MP0003', 545000, '2018-07-05'),
('TR0008/CB0003/TK0003', 'PL0004', 'PG0006', 'MB0002', 'MP0004', 4152500, '2018-03-18'),
('TR0009/CB0004/TK0003', 'PL0010', 'PG0008', 'MB0004', 'MP0003', 4126000, '2018-04-10'),
('TR0010/CB0004/TK0003', 'PL0013', 'PG0007', 'MB0005', 'MP0001', 1352300, '2018-04-19'),
('TR0011/CB0005/TK0002', 'PL0006', 'PG0009', 'MB0004', 'MP0003', 215000, '2018-03-21'),
('TR0012/CB0005/TK0002', 'PL0013', 'PG0009', 'MB0002', 'MP0003', 1778500, '2018-04-09'),
('TR0013/CB0005/TK0002', 'PL0001', 'PG0010', 'MB0003', 'MP0005', 1532500, '2018-06-02'),
('TR0014/CB0006/TK0001', 'PL0003', 'PG0011', 'MB0001', 'MP0002', 370800, '2018-04-10'),
('TR0015/CB0006/TK0001', 'PL0001', 'PG0011', 'MB0005', 'MP0005', 1264000, '2018-06-01'),
('TR0016/CB0007/TK0002', 'PL0003', 'PG0014', 'MB0004', 'MP0001', 214000, '2018-06-18'),
('TR0017/CB0007/TK0002', 'PL0003', 'PG0013', 'MB0002', 'MP0005', 225000, '2018-03-16'),
('TR0018/CB0008/TK0003', 'PL0017', 'PG0016', 'MB0004', 'MP0004', 562500, '2018-07-20'),
('TR0019/CB0008/TK0003', 'PL0019', 'PG0016', 'MB0005', 'MP0004', 838000, '2018-03-08'),
('TR0020/CB0008/TK0003', 'PL0002', 'PG0015', 'MB0004', 'MP0004', 583500, '2018-06-07'),
('TR0021/CB0009/TK0001', 'PL0002', 'PG0018', 'MB0004', 'MP0004', 801000, '2018-05-11'),
('TR0022/CB0009/TK0001', 'PL0018', 'PG0018', 'MB0002', 'MP0004', 42000, '2018-04-09'),
('TR0023/CB0009/TK0001', 'PL0009', 'PG0018', 'MB0003', 'MP0001', 1677000, '2018-04-26'),
('TR0024/CB0010/TK0001', 'PL0010', 'PG0020', 'MB0003', 'MP0002', 318000, '2018-05-26'),
('TR0025/CB0010/TK0001', 'PL0004', 'PG0019', 'MB0001', 'MP0001', 268000, '2018-03-13'),
('TR0026/CB0001/TK0001', 'PL0012', 'PG0002', 'MB0003', 'MP0001', 1627000, '2018-03-09'),
('TR0027/CB0001/TK0001', 'PL0006', 'PG0001', 'MB0004', 'MP0001', 944500, '2018-05-24'),
('TR0028/CB0001/TK0001', 'PL0011', 'PG0002', 'MB0003', 'MP0004', 1589500, '2018-03-05'),
('TR0029/CB0002/TK0002', 'PL0014', 'PG0004', 'MB0004', 'MP0003', 307500, '2018-04-15'),
('TR0030/CB0002/TK0002', 'PL0015', 'PG0003', 'MB0004', 'MP0002', 1198000, '2018-07-03'),
('TR0031/CB0002/TK0002', 'PL0009', 'PG0004', 'MB0001', 'MP0005', 1653000, '2018-07-24'),
('TR0032/CB0003/TK0003', 'PL0018', 'PG0006', 'MB0002', 'MP0004', 705000, '2018-06-11'),
('TR0033/CB0003/TK0003', 'PL0006', 'PG0005', 'MB0001', 'MP0004', 2187000, '2018-04-30'),
('TR0034/CB0004/TK0003', 'PL0005', 'PG0007', 'MB0003', 'MP0003', 3839000, '2018-04-17'),
('TR0035/CB0004/TK0003', 'PL0009', 'PG0007', 'MB0001', 'MP0002', 191900, '2018-07-17'),
('TR0036/CB0005/TK0002', 'PL0006', 'PG0009', 'MB0003', 'MP0005', 662000, '2018-03-22'),
('TR0037/CB0005/TK0002', 'PL0009', 'PG0009', 'MB0003', 'MP0003', 98500, '2018-04-24'),
('TR0038/CB0005/TK0002', 'PL0007', 'PG0009', 'MB0001', 'MP0005', 1706500, '2018-06-12'),
('TR0039/CB0006/TK0001', 'PL0002', 'PG0011', 'MB0003', 'MP0002', 212400, '2018-04-22'),
('TR0040/CB0006/TK0001', 'PL0020', 'PG0012', 'MB0001', 'MP0005', 694000, '2018-05-19'),
('TR0041/CB0007/TK0002', 'PL0017', 'PG0014', 'MB0005', 'MP0002', 1049500, '2018-03-18'),
('TR0042/CB0007/TK0002', 'PL0018', 'PG0013', 'MB0003', 'MP0002', 240000, '2018-05-04'),
('TR0043/CB0008/TK0003', 'PL0009', 'PG0015', 'MB0002', 'MP0002', 406000, '2018-06-20'),
('TR0044/CB0008/TK0003', 'PL0017', 'PG0015', 'MB0004', 'MP0005', 425500, '2018-07-11'),
('TR0045/CB0008/TK0003', 'PL0016', 'PG0016', 'MB0004', 'MP0003', 2745000, '2018-07-18'),
('TR0046/CB0009/TK0001', 'PL0018', 'PG0017', 'MB0001', 'MP0002', 956000, '2018-06-14'),
('TR0047/CB0009/TK0001', 'PL0004', 'PG0017', 'MB0003', 'MP0001', 1008500, '2018-03-17'),
('TR0048/CB0009/TK0001', 'PL0012', 'PG0017', 'MB0002', 'MP0001', 1074500, '2018-04-02'),
('TR0049/CB0010/TK0001', 'PL0001', 'PG0020', 'MB0005', 'MP0004', 402000, '2018-03-08'),
('TR0050/CB0010/TK0001', 'PL0012', 'PG0019', 'MB0003', 'MP0001', 741500, '2018-03-09'),
('TR0051/CB0001/TK0001', 'PL0008', 'PG0001', 'MB0004', 'MP0001', 1619000, '2018-04-17'),
('TR0052/CB0001/TK0001', 'PL0004', 'PG0002', 'MB0003', 'MP0003', 570000, '2018-06-23'),
('TR0053/CB0001/TK0001', 'PL0019', 'PG0001', 'MB0004', 'MP0004', 1523500, '2018-04-24'),
('TR0054/CB0002/TK0002', 'PL0019', 'PG0004', 'MB0005', 'MP0003', 370000, '2018-03-22'),
('TR0055/CB0002/TK0002', 'PL0005', 'PG0003', 'MB0002', 'MP0002', 861500, '2018-07-14'),
('TR0056/CB0002/TK0002', 'PL0011', 'PG0004', 'MB0005', 'MP0005', 586000, '2018-06-30'),
('TR0057/CB0003/TK0003', 'PL0006', 'PG0005', 'MB0003', 'MP0003', 437500, '2018-04-15'),
('TR0058/CB0003/TK0003', 'PL0014', 'PG0005', 'MB0001', 'MP0003', 3813500, '2018-05-11'),
('TR0059/CB0004/TK0003', 'PL0019', 'PG0007', 'MB0001', 'MP0003', 4516000, '2018-06-19'),
('TR0060/CB0004/TK0003', 'PL0007', 'PG0007', 'MB0002', 'MP0004', 1122200, '2018-05-23'),
('TR0061/CB0005/TK0002', 'PL0003', 'PG0009', 'MB0002', 'MP0005', 367000, '2018-03-21'),
('TR0062/CB0005/TK0002', 'PL0007', 'PG0009', 'MB0001', 'MP0001', 568000, '2018-04-13'),
('TR0063/CB0005/TK0002', 'PL0003', 'PG0010', 'MB0004', 'MP0005', 2136500, '2018-03-27'),
('TR0064/CB0006/TK0001', 'PL0013', 'PG0011', 'MB0001', 'MP0003', 508000, '2018-04-30'),
('TR0065/CB0006/TK0001', 'PL0009', 'PG0012', 'MB0001', 'MP0003', 1207000, '2018-06-16'),
('TR0066/CB0007/TK0002', 'PL0008', 'PG0014', 'MB0003', 'MP0003', 1168500, '2018-03-09'),
('TR0067/CB0007/TK0002', 'PL0019', 'PG0014', 'MB0004', 'MP0004', 337500, '2018-06-11'),
('TR0068/CB0008/TK0003', 'PL0007', 'PG0015', 'MB0003', 'MP0001', 1111000, '2018-04-21'),
('TR0069/CB0008/TK0003', 'PL0019', 'PG0015', 'MB0003', 'MP0001', 45800, '2018-05-02'),
('TR0070/CB0008/TK0003', 'PL0011', 'PG0015', 'MB0005', 'MP0001', 2704500, '2018-07-30'),
('TR0071/CB0009/TK0001', 'PL0011', 'PG0018', 'MB0004', 'MP0005', 615500, '2018-04-13'),
('TR0072/CB0009/TK0001', 'PL0020', 'PG0017', 'MB0002', 'MP0001', 1032500, '2018-06-25'),
('TR0073/CB0009/TK0001', 'PL0019', 'PG0017', 'MB0001', 'MP0002', 2368500, '2018-05-12'),
('TR0074/CB0010/TK0001', 'PL0014', 'PG0019', 'MB0002', 'MP0002', 279000, '2018-04-13'),
('TR0075/CB0010/TK0001', 'PL0006', 'PG0019', 'MB0001', 'MP0002', 859000, '2018-05-18'),
('TR0076/CB0001/TK0001', 'PL0007', 'PG0002', 'MB0004', 'MP0004', 1945000, '2018-05-03'),
('TR0077/CB0001/TK0001', 'PL0012', 'PG0001', 'MB0001', 'MP0003', 375500, '2018-03-22'),
('TR0078/CB0001/TK0001', 'PL0008', 'PG0001', 'MB0004', 'MP0003', 2348500, '2018-06-14'),
('TR0079/CB0002/TK0002', 'PL0020', 'PG0003', 'MB0001', 'MP0002', 475000, '2018-04-28'),
('TR0080/CB0002/TK0002', 'PL0007', 'PG0004', 'MB0005', 'MP0004', 958000, '2018-03-27'),
('TR0081/CB0002/TK0002', 'PL0008', 'PG0004', 'MB0004', 'MP0005', 512000, '2018-05-16'),
('TR0082/CB0003/TK0003', 'PL0017', 'PG0006', 'MB0005', 'MP0004', 760000, '2018-04-19'),
('TR0083/CB0003/TK0003', 'PL0004', 'PG0005', 'MB0002', 'MP0002', 1365000, '2018-06-02'),
('TR0084/CB0004/TK0003', 'PL0008', 'PG0008', 'MB0004', 'MP0003', 1752000, '2018-06-12'),
('TR0085/CB0004/TK0003', 'PL0012', 'PG0008', 'MB0002', 'MP0004', 875000, '2018-03-17'),
('TR0086/CB0005/TK0002', 'PL0005', 'PG0009', 'MB0004', 'MP0004', 664000, '2018-04-28'),
('TR0087/CB0005/TK0002', 'PL0014', 'PG0010', 'MB0004', 'MP0003', 248000, '2018-03-05'),
('TR0088/CB0005/TK0002', 'PL0003', 'PG0010', 'MB0004', 'MP0002', 623500, '2018-04-03'),
('TR0089/CB0006/TK0001', 'PL0014', 'PG0011', 'MB0004', 'MP0005', 1067600, '2018-07-10'),
('TR0090/CB0006/TK0001', 'PL0008', 'PG0012', 'MB0001', 'MP0004', 1230000, '2018-04-11'),
('TR0091/CB0007/TK0002', 'PL0014', 'PG0014', 'MB0001', 'MP0005', 1114500, '2018-05-25'),
('TR0092/CB0007/TK0002', 'PL0011', 'PG0013', 'MB0001', 'MP0002', 85000, '2018-05-29'),
('TR0093/CB0008/TK0003', 'PL0019', 'PG0016', 'MB0003', 'MP0003', 590500, '2018-07-19'),
('TR0094/CB0008/TK0003', 'PL0019', 'PG0016', 'MB0001', 'MP0005', 671900, '2018-05-03'),
('TR0095/CB0008/TK0003', 'PL0013', 'PG0015', 'MB0005', 'MP0004', 1023000, '2018-04-16'),
('TR0096/CB0009/TK0001', 'PL0009', 'PG0018', 'MB0005', 'MP0004', 2740000, '2018-05-15'),
('TR0097/CB0009/TK0001', 'PL0016', 'PG0018', 'MB0003', 'MP0003', 923500, '2018-05-12'),
('TR0098/CB0009/TK0001', 'PL0006', 'PG0018', 'MB0003', 'MP0004', 2112500, '2018-03-05'),
('TR0099/CB0010/TK0001', 'PL0007', 'PG0020', 'MB0002', 'MP0003', 402000, '2018-06-16'),
('TR0100/CB0010/TK0001', 'PL0014', 'PG0019', 'MB0001', 'MP0001', 90000, '2018-07-06'),
('TR0101/CB0001/TK0001', 'PL0009', 'PG0002', 'MB0004', 'MP0001', 1567000, '2018-06-30'),
('TR0102/CB0001/TK0001', 'PL0017', 'PG0001', 'MB0005', 'MP0001', 796500, '2018-04-26'),
('TR0103/CB0001/TK0001', 'PL0007', 'PG0002', 'MB0002', 'MP0005', 484000, '2018-05-30'),
('TR0104/CB0002/TK0002', 'PL0014', 'PG0004', 'MB0005', 'MP0004', 240000, '2018-06-18'),
('TR0105/CB0002/TK0002', 'PL0007', 'PG0004', 'MB0001', 'MP0001', 222000, '2018-06-21'),
('TR0106/CB0002/TK0002', 'PL0005', 'PG0003', 'MB0004', 'MP0005', 836500, '2018-05-06'),
('TR0107/CB0003/TK0003', 'PL0007', 'PG0005', 'MB0003', 'MP0001', 262500, '2018-07-08'),
('TR0108/CB0003/TK0003', 'PL0011', 'PG0006', 'MB0002', 'MP0002', 2424500, '2018-06-04'),
('TR0109/CB0004/TK0003', 'PL0015', 'PG0008', 'MB0005', 'MP0003', 1266000, '2018-05-11'),
('TR0110/CB0004/TK0003', 'PL0020', 'PG0007', 'MB0005', 'MP0001', 608200, '2018-05-11'),
('TR0111/CB0005/TK0002', 'PL0004', 'PG0009', 'MB0001', 'MP0002', 668000, '2018-04-14'),
('TR0112/CB0005/TK0002', 'PL0012', 'PG0010', 'MB0002', 'MP0005', 471000, '2018-07-02'),
('TR0113/CB0005/TK0002', 'PL0015', 'PG0010', 'MB0003', 'MP0005', 1340500, '2018-06-15'),
('TR0114/CB0006/TK0001', 'PL0013', 'PG0011', 'MB0003', 'MP0003', 820000, '2018-07-29'),
('TR0115/CB0006/TK0001', 'PL0009', 'PG0011', 'MB0004', 'MP0001', 963000, '2018-07-24'),
('TR0116/CB0007/TK0002', 'PL0016', 'PG0013', 'MB0005', 'MP0005', 869500, '2018-04-04'),
('TR0117/CB0007/TK0002', 'PL0008', 'PG0014', 'MB0003', 'MP0002', 617500, '2018-07-26'),
('TR0118/CB0008/TK0003', 'PL0001', 'PG0015', 'MB0002', 'MP0005', 557500, '2018-05-21'),
('TR0119/CB0008/TK0003', 'PL0013', 'PG0016', 'MB0001', 'MP0003', 850000, '2018-03-26'),
('TR0120/CB0008/TK0003', 'PL0015', 'PG0015', 'MB0002', 'MP0001', 889500, '2018-07-05'),
('TR0121/CB0009/TK0001', 'PL0003', 'PG0018', 'MB0003', 'MP0004', 738000, '2018-03-19'),
('TR0122/CB0009/TK0001', 'PL0018', 'PG0018', 'MB0005', 'MP0005', 821500, '2018-03-15'),
('TR0123/CB0009/TK0001', 'PL0003', 'PG0017', 'MB0003', 'MP0005', 411000, '2018-06-28'),
('TR0124/CB0010/TK0001', 'PL0013', 'PG0019', 'MB0003', 'MP0005', 504000, '2018-04-07'),
('TR0125/CB0010/TK0001', 'PL0003', 'PG0020', 'MB0003', 'MP0002', 807500, '2018-03-28'),
('TR0126/CB0001/TK0001', 'PL0011', 'PG0002', 'MB0003', 'MP0005', 801000, '2018-03-17'),
('TR0127/CB0001/TK0001', 'PL0005', 'PG0001', 'MB0003', 'MP0003', 1166000, '2018-03-28'),
('TR0128/CB0001/TK0001', 'PL0002', 'PG0001', 'MB0001', 'MP0004', 852500, '2018-05-28'),
('TR0129/CB0002/TK0002', 'PL0004', 'PG0004', 'MB0002', 'MP0001', 305000, '2018-06-12'),
('TR0130/CB0002/TK0002', 'PL0012', 'PG0003', 'MB0003', 'MP0003', 654000, '2018-06-03'),
('TR0131/CB0002/TK0002', 'PL0011', 'PG0003', 'MB0004', 'MP0001', 722000, '2018-05-25'),
('TR0132/CB0003/TK0003', 'PL0009', 'PG0006', 'MB0005', 'MP0003', 685000, '2018-06-06'),
('TR0133/CB0003/TK0003', 'PL0006', 'PG0006', 'MB0003', 'MP0003', 1018000, '2018-06-25'),
('TR0134/CB0004/TK0003', 'PL0005', 'PG0008', 'MB0005', 'MP0001', 406000, '2018-06-09'),
('TR0135/CB0004/TK0003', 'PL0013', 'PG0007', 'MB0002', 'MP0002', 666700, '2018-05-13'),
('TR0136/CB0005/TK0002', 'PL0018', 'PG0010', 'MB0003', 'MP0002', 772000, '2018-05-06'),
('TR0137/CB0005/TK0002', 'PL0005', 'PG0010', 'MB0002', 'MP0002', 1507500, '2018-05-03'),
('TR0138/CB0005/TK0002', 'PL0019', 'PG0009', 'MB0004', 'MP0004', 2135000, '2018-04-08'),
('TR0139/CB0006/TK0001', 'PL0012', 'PG0012', 'MB0004', 'MP0003', 657600, '2018-04-11'),
('TR0140/CB0006/TK0001', 'PL0007', 'PG0012', 'MB0002', 'MP0003', 487000, '2018-05-17'),
('TR0141/CB0007/TK0002', 'PL0018', 'PG0014', 'MB0005', 'MP0005', 1343000, '2018-05-15'),
('TR0142/CB0007/TK0002', 'PL0009', 'PG0013', 'MB0002', 'MP0002', 650000, '2018-07-25'),
('TR0143/CB0008/TK0003', 'PL0005', 'PG0015', 'MB0001', 'MP0005', 835500, '2018-05-29'),
('TR0144/CB0008/TK0003', 'PL0018', 'PG0015', 'MB0005', 'MP0002', 983600, '2018-05-08'),
('TR0145/CB0008/TK0003', 'PL0015', 'PG0015', 'MB0004', 'MP0003', 340500, '2018-03-24'),
('TR0146/CB0009/TK0001', 'PL0017', 'PG0018', 'MB0004', 'MP0003', 1440000, '2018-03-21'),
('TR0147/CB0009/TK0001', 'PL0008', 'PG0017', 'MB0001', 'MP0005', 485500, '2018-07-17'),
('TR0148/CB0009/TK0001', 'PL0007', 'PG0017', 'MB0003', 'MP0004', 2046500, '2018-03-29'),
('TR0149/CB0010/TK0001', 'PL0014', 'PG0019', 'MB0005', 'MP0004', 252000, '2018-03-10'),
('TR0150/CB0010/TK0001', 'PL0012', 'PG0019', 'MB0001', 'MP0004', 210500, '2018-07-25'),
('TR0151/CB0001/TK0001', 'PL0008', 'PG0001', 'MB0003', 'MP0004', 1821000, '2018-04-15'),
('TR0152/CB0001/TK0001', 'PL0019', 'PG0002', 'MB0002', 'MP0003', 587000, '2018-03-09'),
('TR0153/CB0001/TK0001', 'PL0004', 'PG0001', 'MB0005', 'MP0002', 2095500, '2018-03-20'),
('TR0154/CB0002/TK0002', 'PL0013', 'PG0004', 'MB0003', 'MP0001', 200000, '2018-07-08'),
('TR0155/CB0002/TK0002', 'PL0006', 'PG0004', 'MB0002', 'MP0002', 316500, '2018-06-22'),
('TR0156/CB0002/TK0002', 'PL0013', 'PG0004', 'MB0002', 'MP0005', 1195500, '2018-05-26'),
('TR0157/CB0003/TK0003', 'PL0007', 'PG0005', 'MB0003', 'MP0001', 807500, '2018-04-27'),
('TR0158/CB0003/TK0003', 'PL0019', 'PG0005', 'MB0003', 'MP0001', 5953500, '2018-04-15'),
('TR0159/CB0004/TK0003', 'PL0020', 'PG0008', 'MB0004', 'MP0003', 3915000, '2018-03-15'),
('TR0160/CB0004/TK0003', 'PL0015', 'PG0008', 'MB0004', 'MP0001', 470700, '2018-05-14'),
('TR0161/CB0005/TK0002', 'PL0010', 'PG0010', 'MB0005', 'MP0002', 191000, '2018-06-23'),
('TR0162/CB0005/TK0002', 'PL0005', 'PG0009', 'MB0004', 'MP0003', 978000, '2018-05-04'),
('TR0163/CB0005/TK0002', 'PL0006', 'PG0010', 'MB0004', 'MP0005', 608500, '2018-06-27'),
('TR0164/CB0006/TK0001', 'PL0013', 'PG0012', 'MB0004', 'MP0005', 861600, '2018-03-20'),
('TR0165/CB0006/TK0001', 'PL0011', 'PG0011', 'MB0005', 'MP0004', 863000, '2018-07-17'),
('TR0166/CB0007/TK0002', 'PL0004', 'PG0013', 'MB0001', 'MP0004', 101500, '2018-06-13'),
('TR0167/CB0007/TK0002', 'PL0002', 'PG0014', 'MB0002', 'MP0002', 532500, '2018-04-04'),
('TR0168/CB0008/TK0003', 'PL0009', 'PG0016', 'MB0005', 'MP0003', 1826500, '2018-04-19'),
('TR0169/CB0008/TK0003', 'PL0013', 'PG0016', 'MB0005', 'MP0003', 298200, '2018-04-28'),
('TR0170/CB0008/TK0003', 'PL0008', 'PG0015', 'MB0005', 'MP0005', 1143000, '2018-04-24'),
('TR0171/CB0009/TK0001', 'PL0012', 'PG0018', 'MB0004', 'MP0001', 1220500, '2018-05-10'),
('TR0172/CB0009/TK0001', 'PL0012', 'PG0017', 'MB0004', 'MP0005', 680500, '2018-07-20'),
('TR0173/CB0009/TK0001', 'PL0003', 'PG0017', 'MB0003', 'MP0001', 2233500, '2018-04-14'),
('TR0174/CB0010/TK0001', 'PL0009', 'PG0020', 'MB0002', 'MP0002', 348000, '2018-07-16'),
('TR0175/CB0010/TK0001', 'PL0007', 'PG0019', 'MB0003', 'MP0004', 795000, '2018-03-09'),
('TR0176/CB0001/TK0001', 'PL0010', 'PG0001', 'MB0001', 'MP0005', 2149000, '2018-03-03'),
('TR0177/CB0001/TK0001', 'PL0016', 'PG0001', 'MB0001', 'MP0003', 768000, '2018-07-10'),
('TR0178/CB0001/TK0001', 'PL0020', 'PG0002', 'MB0005', 'MP0001', 616000, '2018-03-15'),
('TR0179/CB0002/TK0002', 'PL0003', 'PG0004', 'MB0005', 'MP0002', 180000, '2018-06-27'),
('TR0180/CB0002/TK0002', 'PL0017', 'PG0003', 'MB0005', 'MP0005', 472000, '2018-06-04'),
('TR0181/CB0002/TK0002', 'PL0001', 'PG0003', 'MB0003', 'MP0004', 2490500, '2018-07-09'),
('TR0182/CB0003/TK0003', 'PL0008', 'PG0006', 'MB0003', 'MP0004', 752500, '2018-05-08'),
('TR0183/CB0003/TK0003', 'PL0008', 'PG0005', 'MB0004', 'MP0005', 2593000, '2018-06-25'),
('TR0184/CB0004/TK0003', 'PL0006', 'PG0008', 'MB0003', 'MP0004', 1822000, '2018-07-18'),
('TR0185/CB0004/TK0003', 'PL0019', 'PG0008', 'MB0002', 'MP0005', 515700, '2018-03-11'),
('TR0186/CB0005/TK0002', 'PL0007', 'PG0009', 'MB0001', 'MP0005', 989000, '2018-06-13'),
('TR0187/CB0005/TK0002', 'PL0020', 'PG0010', 'MB0001', 'MP0002', 2374500, '2018-07-10'),
('TR0188/CB0005/TK0002', 'PL0013', 'PG0010', 'MB0004', 'MP0001', 1854500, '2018-05-15'),
('TR0189/CB0006/TK0001', 'PL0016', 'PG0011', 'MB0002', 'MP0002', 180800, '2018-03-26'),
('TR0190/CB0006/TK0001', 'PL0020', 'PG0012', 'MB0005', 'MP0001', 925000, '2018-05-13'),
('TR0191/CB0007/TK0002', 'PL0016', 'PG0013', 'MB0002', 'MP0001', 516000, '2018-06-05'),
('TR0192/CB0007/TK0002', 'PL0001', 'PG0013', 'MB0002', 'MP0001', 307500, '2018-03-24'),
('TR0193/CB0008/TK0003', 'PL0005', 'PG0016', 'MB0001', 'MP0003', 520500, '2018-06-24'),
('TR0194/CB0008/TK0003', 'PL0015', 'PG0016', 'MB0002', 'MP0004', 932500, '2018-04-15'),
('TR0195/CB0008/TK0003', 'PL0020', 'PG0015', 'MB0002', 'MP0003', 229500, '2018-07-08'),
('TR0196/CB0009/TK0001', 'PL0002', 'PG0018', 'MB0004', 'MP0001', 2372000, '2018-03-26'),
('TR0197/CB0009/TK0001', 'PL0012', 'PG0017', 'MB0005', 'MP0001', 709500, '2018-05-07'),
('TR0198/CB0009/TK0001', 'PL0014', 'PG0018', 'MB0005', 'MP0001', 1245500, '2018-04-19'),
('TR0199/CB0010/TK0001', 'PL0005', 'PG0019', 'MB0003', 'MP0003', 231000, '2018-07-01'),
('TR0200/CB0010/TK0001', 'PL0013', 'PG0019', 'MB0001', 'MP0001', 800000, '2018-03-13'),
('TR0201/CB0001/TK0001', 'PL0006', 'PG0001', 'MB0005', 'MP0002', 1024000, '2018-06-22'),
('TR0202/CB0001/TK0001', 'PL0005', 'PG0002', 'MB0005', 'MP0004', 1044000, '2018-05-02'),
('TR0203/CB0001/TK0001', 'PL0001', 'PG0002', 'MB0004', 'MP0003', 2304500, '2018-06-13'),
('TR0204/CB0002/TK0002', 'PL0011', 'PG0003', 'MB0003', 'MP0005', 340000, '2018-07-05'),
('TR0205/CB0002/TK0002', 'PL0003', 'PG0003', 'MB0003', 'MP0002', 1075500, '2018-04-01'),
('TR0206/CB0002/TK0002', 'PL0002', 'PG0003', 'MB0005', 'MP0001', 2318500, '2018-07-21'),
('TR0207/CB0003/TK0003', 'PL0011', 'PG0005', 'MB0003', 'MP0005', 230000, '2018-03-27'),
('TR0208/CB0003/TK0003', 'PL0001', 'PG0006', 'MB0005', 'MP0001', 2121500, '2018-06-18'),
('TR0209/CB0004/TK0003', 'PL0006', 'PG0007', 'MB0005', 'MP0002', 917000, '2018-06-09'),
('TR0210/CB0004/TK0003', 'PL0011', 'PG0008', 'MB0005', 'MP0001', 1011100, '2018-04-01'),
('TR0211/CB0005/TK0002', 'PL0011', 'PG0010', 'MB0003', 'MP0004', 559000, '2018-03-29'),
('TR0212/CB0005/TK0002', 'PL0003', 'PG0010', 'MB0005', 'MP0003', 1124500, '2018-06-14'),
('TR0213/CB0005/TK0002', 'PL0007', 'PG0010', 'MB0001', 'MP0003', 1617500, '2018-03-16'),
('TR0214/CB0006/TK0001', 'PL0007', 'PG0012', 'MB0002', 'MP0002', 340000, '2018-07-01'),
('TR0215/CB0006/TK0001', 'PL0016', 'PG0012', 'MB0005', 'MP0002', 1291000, '2018-06-19'),
('TR0216/CB0007/TK0002', 'PL0009', 'PG0013', 'MB0004', 'MP0001', 820000, '2018-06-26'),
('TR0217/CB0007/TK0002', 'PL0017', 'PG0013', 'MB0001', 'MP0001', 540000, '2018-07-25'),
('TR0218/CB0008/TK0003', 'PL0019', 'PG0015', 'MB0005', 'MP0003', 484500, '2018-07-22'),
('TR0219/CB0008/TK0003', 'PL0009', 'PG0015', 'MB0004', 'MP0001', 1002300, '2018-03-10'),
('TR0220/CB0008/TK0003', 'PL0017', 'PG0016', 'MB0002', 'MP0001', 775500, '2018-06-01'),
('TR0221/CB0009/TK0001', 'PL0004', 'PG0017', 'MB0004', 'MP0004', 1583500, '2018-04-02'),
('TR0222/CB0009/TK0001', 'PL0003', 'PG0017', 'MB0001', 'MP0003', 1066000, '2018-06-05'),
('TR0223/CB0009/TK0001', 'PL0005', 'PG0017', 'MB0002', 'MP0001', 790000, '2018-04-15'),
('TR0224/CB0010/TK0001', 'PL0001', 'PG0019', 'MB0003', 'MP0002', 318000, '2018-07-09'),
('TR0225/CB0010/TK0001', 'PL0005', 'PG0020', 'MB0003', 'MP0001', 663000, '2018-03-25'),
('TR0226/CB0001/TK0001', 'PL0019', 'PG0001', 'MB0005', 'MP0004', 934000, '2018-04-14'),
('TR0227/CB0001/TK0001', 'PL0002', 'PG0001', 'MB0003', 'MP0004', 627000, '2018-05-07'),
('TR0228/CB0001/TK0001', 'PL0002', 'PG0002', 'MB0003', 'MP0003', 2508000, '2018-07-14'),
('TR0229/CB0002/TK0002', 'PL0003', 'PG0003', 'MB0002', 'MP0001', 622500, '2018-06-02'),
('TR0230/CB0002/TK0002', 'PL0013', 'PG0003', 'MB0003', 'MP0001', 1583000, '2018-05-18'),
('TR0231/CB0002/TK0002', 'PL0007', 'PG0003', 'MB0005', 'MP0003', 111000, '2018-03-22'),
('TR0232/CB0003/TK0003', 'PL0008', 'PG0005', 'MB0004', 'MP0001', 247500, '2018-04-26'),
('TR0233/CB0003/TK0003', 'PL0008', 'PG0005', 'MB0003', 'MP0004', 3485500, '2018-07-22'),
('TR0234/CB0004/TK0003', 'PL0011', 'PG0008', 'MB0005', 'MP0003', 5004000, '2018-04-05'),
('TR0235/CB0004/TK0003', 'PL0010', 'PG0007', 'MB0002', 'MP0001', 1108800, '2018-06-07'),
('TR0236/CB0005/TK0002', 'PL0016', 'PG0010', 'MB0001', 'MP0003', 662000, '2018-05-30'),
('TR0237/CB0005/TK0002', 'PL0008', 'PG0009', 'MB0005', 'MP0004', 619500, '2018-05-12'),
('TR0238/CB0005/TK0002', 'PL0015', 'PG0009', 'MB0005', 'MP0003', 1032000, '2018-04-03'),
('TR0239/CB0006/TK0001', 'PL0004', 'PG0011', 'MB0002', 'MP0004', 1054800, '2018-07-13'),
('TR0240/CB0006/TK0001', 'PL0003', 'PG0011', 'MB0004', 'MP0002', 916000, '2018-06-18'),
('TR0241/CB0007/TK0002', 'PL0016', 'PG0014', 'MB0004', 'MP0001', 606500, '2018-05-16'),
('TR0242/CB0007/TK0002', 'PL0019', 'PG0013', 'MB0002', 'MP0003', 177500, '2018-06-29'),
('TR0243/CB0008/TK0003', 'PL0020', 'PG0015', 'MB0005', 'MP0002', 1569000, '2018-07-22'),
('TR0244/CB0008/TK0003', 'PL0007', 'PG0016', 'MB0001', 'MP0001', 252100, '2018-06-05'),
('TR0245/CB0008/TK0003', 'PL0016', 'PG0015', 'MB0002', 'MP0003', 1653000, '2018-04-13'),
('TR0246/CB0009/TK0001', 'PL0005', 'PG0017', 'MB0002', 'MP0002', 1311500, '2018-04-13'),
('TR0247/CB0009/TK0001', 'PL0014', 'PG0017', 'MB0002', 'MP0005', 1239000, '2018-04-09'),
('TR0248/CB0009/TK0001', 'PL0002', 'PG0017', 'MB0001', 'MP0004', 1530000, '2018-06-04'),
('TR0249/CB0010/TK0001', 'PL0009', 'PG0019', 'MB0004', 'MP0002', 474000, '2018-05-21'),
('TR0250/CB0010/TK0001', 'PL0002', 'PG0020', 'MB0001', 'MP0005', 893500, '2018-06-08'),
('TR0251/CB0001/TK0001', 'PL0003', 'PG0002', 'MB0001', 'MP0002', 914000, '2018-05-18'),
('TR0252/CB0001/TK0001', 'PL0006', 'PG0001', 'MB0005', 'MP0001', 887000, '2018-05-16'),
('TR0253/CB0001/TK0001', 'PL0007', 'PG0002', 'MB0003', 'MP0003', 2222000, '2018-04-02'),
('TR0254/CB0002/TK0002', 'PL0009', 'PG0004', 'MB0001', 'MP0001', 440000, '2018-05-22'),
('TR0255/CB0002/TK0002', 'PL0011', 'PG0003', 'MB0004', 'MP0002', 680500, '2018-03-07'),
('TR0256/CB0002/TK0002', 'PL0010', 'PG0004', 'MB0002', 'MP0001', 1377500, '2018-03-10'),
('TR0257/CB0003/TK0003', 'PL0007', 'PG0005', 'MB0005', 'MP0002', 182500, '2018-06-29'),
('TR0258/CB0003/TK0003', 'PL0010', 'PG0006', 'MB0003', 'MP0005', 6599000, '2018-06-19'),
('TR0259/CB0004/TK0003', 'PL0016', 'PG0008', 'MB0001', 'MP0001', 3319000, '2018-07-13'),
('TR0260/CB0004/TK0003', 'PL0010', 'PG0008', 'MB0001', 'MP0005', 1087500, '2018-03-04'),
('TR0261/CB0005/TK0002', 'PL0014', 'PG0010', 'MB0004', 'MP0004', 547000, '2018-04-14'),
('TR0262/CB0005/TK0002', 'PL0018', 'PG0010', 'MB0002', 'MP0001', 1785500, '2018-05-30'),
('TR0263/CB0005/TK0002', 'PL0005', 'PG0009', 'MB0004', 'MP0002', 1788500, '2018-03-27'),
('TR0264/CB0006/TK0001', 'PL0016', 'PG0012', 'MB0005', 'MP0005', 212800, '2018-05-27'),
('TR0265/CB0006/TK0001', 'PL0019', 'PG0012', 'MB0004', 'MP0002', 1364000, '2018-04-25'),
('TR0266/CB0007/TK0002', 'PL0007', 'PG0013', 'MB0004', 'MP0002', 1212500, '2018-05-10'),
('TR0267/CB0007/TK0002', 'PL0005', 'PG0013', 'MB0002', 'MP0003', 102500, '2018-04-10'),
('TR0268/CB0008/TK0003', 'PL0018', 'PG0016', 'MB0001', 'MP0005', 1228000, '2018-06-08'),
('TR0269/CB0008/TK0003', 'PL0020', 'PG0015', 'MB0002', 'MP0001', 1113300, '2018-05-14'),
('TR0270/CB0008/TK0003', 'PL0006', 'PG0016', 'MB0002', 'MP0002', 1443000, '2018-05-10'),
('TR0271/CB0009/TK0001', 'PL0017', 'PG0018', 'MB0005', 'MP0002', 947000, '2018-03-24'),
('TR0272/CB0009/TK0001', 'PL0008', 'PG0017', 'MB0002', 'MP0005', 997000, '2018-06-25'),
('TR0273/CB0009/TK0001', 'PL0018', 'PG0018', 'MB0001', 'MP0003', 836500, '2018-03-10'),
('TR0274/CB0010/TK0001', 'PL0009', 'PG0019', 'MB0001', 'MP0005', 156000, '2018-06-02'),
('TR0275/CB0010/TK0001', 'PL0018', 'PG0019', 'MB0003', 'MP0003', 570000, '2018-07-19'),
('TR0276/CB0001/TK0001', 'PL0001', 'PG0001', 'MB0003', 'MP0002', 2043000, '2018-05-21'),
('TR0277/CB0001/TK0001', 'PL0015', 'PG0001', 'MB0004', 'MP0001', 304000, '2018-06-14'),
('TR0278/CB0001/TK0001', 'PL0017', 'PG0001', 'MB0003', 'MP0002', 1518000, '2018-06-26'),
('TR0279/CB0002/TK0002', 'PL0011', 'PG0003', 'MB0005', 'MP0002', 102500, '2018-05-25'),
('TR0280/CB0002/TK0002', 'PL0001', 'PG0003', 'MB0004', 'MP0002', 585500, '2018-03-19'),
('TR0281/CB0002/TK0002', 'PL0006', 'PG0004', 'MB0001', 'MP0001', 1221500, '2018-04-13'),
('TR0282/CB0003/TK0003', 'PL0009', 'PG0006', 'MB0003', 'MP0004', 620000, '2018-07-27'),
('TR0283/CB0003/TK0003', 'PL0017', 'PG0005', 'MB0004', 'MP0003', 6836000, '2018-04-15'),
('TR0284/CB0004/TK0003', 'PL0013', 'PG0008', 'MB0002', 'MP0002', 5216000, '2018-03-22'),
('TR0285/CB0004/TK0003', 'PL0019', 'PG0008', 'MB0004', 'MP0001', 382700, '2018-05-16'),
('TR0286/CB0005/TK0002', 'PL0002', 'PG0009', 'MB0003', 'MP0004', 385000, '2018-04-30'),
('TR0287/CB0005/TK0002', 'PL0009', 'PG0010', 'MB0004', 'MP0002', 1056000, '2018-06-28'),
('TR0288/CB0005/TK0002', 'PL0005', 'PG0009', 'MB0005', 'MP0002', 743000, '2018-04-05'),
('TR0289/CB0006/TK0001', 'PL0014', 'PG0011', 'MB0005', 'MP0003', 892000, '2018-06-24'),
('TR0290/CB0006/TK0001', 'PL0001', 'PG0012', 'MB0003', 'MP0003', 75000, '2018-04-01'),
('TR0291/CB0007/TK0002', 'PL0001', 'PG0013', 'MB0004', 'MP0004', 1354500, '2018-05-11'),
('TR0292/CB0007/TK0002', 'PL0006', 'PG0014', 'MB0005', 'MP0005', 397500, '2018-05-09'),
('TR0293/CB0008/TK0003', 'PL0015', 'PG0016', 'MB0002', 'MP0004', 1042000, '2018-07-15'),
('TR0294/CB0008/TK0003', 'PL0006', 'PG0015', 'MB0004', 'MP0001', 786300, '2018-03-09'),
('TR0295/CB0008/TK0003', 'PL0004', 'PG0015', 'MB0005', 'MP0001', 2314500, '2018-04-07'),
('TR0296/CB0009/TK0001', 'PL0017', 'PG0017', 'MB0003', 'MP0003', 1840500, '2018-04-24'),
('TR0297/CB0009/TK0001', 'PL0006', 'PG0017', 'MB0002', 'MP0002', 1264500, '2018-06-24'),
('TR0298/CB0009/TK0001', 'PL0017', 'PG0017', 'MB0002', 'MP0003', 919500, '2018-03-05'),
('TR0299/CB0010/TK0001', 'PL0001', 'PG0019', 'MB0003', 'MP0004', 495000, '2018-04-23'),
('TR0300/CB0010/TK0001', 'PL0015', 'PG0019', 'MB0001', 'MP0003', 495500, '2018-04-19'),
('TR0301/CB0001/TK0001', 'PL0016', 'PG0002', 'MB0001', 'MP0003', 1569000, '2018-04-12'),
('TR0302/CB0001/TK0001', 'PL0020', 'PG0001', 'MB0002', 'MP0003', 444500, '2018-04-25'),
('TR0303/CB0001/TK0001', 'PL0009', 'PG0002', 'MB0004', 'MP0003', 1842500, '2018-06-26'),
('TR0304/CB0002/TK0002', 'PL0014', 'PG0004', 'MB0003', 'MP0003', 615000, '2018-04-17'),
('TR0305/CB0002/TK0002', 'PL0001', 'PG0003', 'MB0001', 'MP0004', 845500, '2018-03-19'),
('TR0306/CB0002/TK0002', 'PL0018', 'PG0004', 'MB0003', 'MP0002', 1774000, '2018-03-03'),
('TR0307/CB0003/TK0003', 'PL0011', 'PG0005', 'MB0002', 'MP0002', 817500, '2018-06-20'),
('TR0308/CB0003/TK0003', 'PL0001', 'PG0005', 'MB0002', 'MP0004', 5745000, '2018-04-10'),
('TR0309/CB0004/TK0003', 'PL0007', 'PG0007', 'MB0003', 'MP0005', 988000, '2018-06-07'),
('TR0310/CB0004/TK0003', 'PL0001', 'PG0008', 'MB0004', 'MP0005', 1143000, '2018-05-22'),
('TR0311/CB0005/TK0002', 'PL0020', 'PG0010', 'MB0001', 'MP0005', 548000, '2018-07-26'),
('TR0312/CB0005/TK0002', 'PL0017', 'PG0009', 'MB0001', 'MP0004', 101500, '2018-05-03'),
('TR0313/CB0005/TK0002', 'PL0017', 'PG0009', 'MB0004', 'MP0003', 573000, '2018-03-30'),
('TR0314/CB0006/TK0001', 'PL0003', 'PG0012', 'MB0001', 'MP0002', 1035600, '2018-04-10'),
('TR0315/CB0006/TK0001', 'PL0007', 'PG0012', 'MB0001', 'MP0001', 1170000, '2018-05-02'),
('TR0316/CB0007/TK0002', 'PL0010', 'PG0013', 'MB0001', 'MP0004', 1449500, '2018-05-10'),
('TR0317/CB0007/TK0002', 'PL0007', 'PG0014', 'MB0004', 'MP0001', 252500, '2018-07-07'),
('TR0318/CB0008/TK0003', 'PL0004', 'PG0015', 'MB0003', 'MP0005', 218000, '2018-03-10'),
('TR0319/CB0008/TK0003', 'PL0001', 'PG0016', 'MB0003', 'MP0005', 288900, '2018-07-23'),
('TR0320/CB0008/TK0003', 'PL0004', 'PG0015', 'MB0005', 'MP0005', 1392000, '2018-04-21'),
('TR0321/CB0009/TK0001', 'PL0011', 'PG0017', 'MB0002', 'MP0003', 1796500, '2018-03-18'),
('TR0322/CB0009/TK0001', 'PL0017', 'PG0017', 'MB0005', 'MP0003', 848500, '2018-04-10'),
('TR0323/CB0009/TK0001', 'PL0005', 'PG0018', 'MB0001', 'MP0003', 1683000, '2018-04-27'),
('TR0324/CB0010/TK0001', 'PL0018', 'PG0019', 'MB0003', 'MP0004', 342000, '2018-05-22'),
('TR0325/CB0010/TK0001', 'PL0006', 'PG0020', 'MB0005', 'MP0004', 371500, '2018-04-04'),
('TR0326/CB0001/TK0001', 'PL0013', 'PG0002', 'MB0004', 'MP0003', 1074000, '2018-05-07'),
('TR0327/CB0001/TK0001', 'PL0004', 'PG0001', 'MB0004', 'MP0005', 750000, '2018-06-18'),
('TR0328/CB0001/TK0001', 'PL0002', 'PG0001', 'MB0001', 'MP0003', 154000, '2018-04-27'),
('TR0329/CB0002/TK0002', 'PL0007', 'PG0003', 'MB0002', 'MP0002', 225000, '2018-05-10'),
('TR0330/CB0002/TK0002', 'PL0019', 'PG0004', 'MB0001', 'MP0004', 369000, '2018-05-09'),
('TR0331/CB0002/TK0002', 'PL0010', 'PG0003', 'MB0004', 'MP0002', 1554500, '2018-07-24'),
('TR0332/CB0003/TK0003', 'PL0008', 'PG0006', 'MB0001', 'MP0003', 622500, '2018-05-19'),
('TR0333/CB0003/TK0003', 'PL0018', 'PG0006', 'MB0004', 'MP0005', 1516000, '2018-07-26'),
('TR0334/CB0004/TK0003', 'PL0019', 'PG0008', 'MB0002', 'MP0005', 549000, '2018-07-29'),
('TR0335/CB0004/TK0003', 'PL0019', 'PG0008', 'MB0004', 'MP0003', 1356600, '2018-07-02'),
('TR0336/CB0005/TK0002', 'PL0010', 'PG0009', 'MB0005', 'MP0002', 558000, '2018-06-07'),
('TR0337/CB0005/TK0002', 'PL0003', 'PG0009', 'MB0002', 'MP0002', 167500, '2018-07-04'),
('TR0338/CB0005/TK0002', 'PL0014', 'PG0010', 'MB0001', 'MP0001', 1290500, '2018-07-03'),
('TR0339/CB0006/TK0001', 'PL0013', 'PG0012', 'MB0001', 'MP0001', 752400, '2018-07-18'),
('TR0340/CB0006/TK0001', 'PL0012', 'PG0011', 'MB0001', 'MP0005', 1028000, '2018-03-03'),
('TR0341/CB0007/TK0002', 'PL0019', 'PG0013', 'MB0005', 'MP0001', 678500, '2018-05-19'),
('TR0342/CB0007/TK0002', 'PL0009', 'PG0014', 'MB0001', 'MP0002', 175000, '2018-04-29'),
('TR0343/CB0008/TK0003', 'PL0013', 'PG0015', 'MB0003', 'MP0001', 1920000, '2018-06-11'),
('TR0344/CB0008/TK0003', 'PL0011', 'PG0016', 'MB0001', 'MP0003', 602600, '2018-04-07'),
('TR0345/CB0008/TK0003', 'PL0011', 'PG0015', 'MB0002', 'MP0003', 633000, '2018-06-20'),
('TR0346/CB0009/TK0001', 'PL0004', 'PG0017', 'MB0003', 'MP0003', 2230000, '2018-03-02'),
('TR0347/CB0009/TK0001', 'PL0013', 'PG0017', 'MB0005', 'MP0004', 918500, '2018-07-11'),
('TR0348/CB0009/TK0001', 'PL0020', 'PG0018', 'MB0004', 'MP0003', 1969000, '2018-03-21'),
('TR0349/CB0010/TK0001', 'PL0011', 'PG0020', 'MB0001', 'MP0005', 135000, '2018-07-06'),
('TR0350/CB0010/TK0001', 'PL0016', 'PG0019', 'MB0004', 'MP0003', 538500, '2018-04-26'),
('TR0351/CB0001/TK0001', 'PL0012', 'PG0001', 'MB0002', 'MP0001', 342000, '2018-04-12'),
('TR0352/CB0001/TK0001', 'PL0013', 'PG0001', 'MB0005', 'MP0005', 674500, '2018-05-26'),
('TR0353/CB0001/TK0001', 'PL0005', 'PG0002', 'MB0004', 'MP0005', 676500, '2018-07-17'),
('TR0354/CB0002/TK0002', 'PL0014', 'PG0003', 'MB0001', 'MP0002', 62500, '2018-05-12'),
('TR0355/CB0002/TK0002', 'PL0020', 'PG0003', 'MB0002', 'MP0001', 1013500, '2018-04-05'),
('TR0356/CB0002/TK0002', 'PL0006', 'PG0004', 'MB0003', 'MP0002', 1082500, '2018-06-05'),
('TR0357/CB0003/TK0003', 'PL0006', 'PG0005', 'MB0002', 'MP0005', 667500, '2018-04-07'),
('TR0358/CB0003/TK0003', 'PL0015', 'PG0006', 'MB0003', 'MP0003', 417500, '2018-06-15'),
('TR0359/CB0004/TK0003', 'PL0019', 'PG0007', 'MB0005', 'MP0004', 4471000, '2018-07-29'),
('TR0360/CB0004/TK0003', 'PL0012', 'PG0007', 'MB0005', 'MP0001', 1224100, '2018-06-17'),
('TR0361/CB0005/TK0002', 'PL0008', 'PG0009', 'MB0005', 'MP0005', 731000, '2018-07-15'),
('TR0362/CB0005/TK0002', 'PL0018', 'PG0010', 'MB0002', 'MP0004', 1002000, '2018-04-03'),
('TR0363/CB0005/TK0002', 'PL0013', 'PG0010', 'MB0005', 'MP0005', 1043500, '2018-07-15'),
('TR0364/CB0006/TK0001', 'PL0003', 'PG0011', 'MB0001', 'MP0004', 1207200, '2018-04-03'),
('TR0365/CB0006/TK0001', 'PL0005', 'PG0011', 'MB0001', 'MP0004', 1184000, '2018-05-10'),
('TR0366/CB0007/TK0002', 'PL0012', 'PG0013', 'MB0002', 'MP0002', 933500, '2018-05-01'),
('TR0367/CB0007/TK0002', 'PL0012', 'PG0014', 'MB0001', 'MP0003', 257500, '2018-07-16'),
('TR0368/CB0008/TK0003', 'PL0016', 'PG0015', 'MB0003', 'MP0003', 1184500, '2018-04-02'),
('TR0369/CB0008/TK0003', 'PL0016', 'PG0015', 'MB0002', 'MP0004', 707000, '2018-05-12'),
('TR0370/CB0008/TK0003', 'PL0011', 'PG0016', 'MB0002', 'MP0003', 2901000, '2018-03-28'),
('TR0371/CB0009/TK0001', 'PL0003', 'PG0017', 'MB0003', 'MP0001', 2093500, '2018-07-09'),
('TR0372/CB0009/TK0001', 'PL0003', 'PG0018', 'MB0003', 'MP0005', 1253500, '2018-03-03'),
('TR0373/CB0009/TK0001', 'PL0010', 'PG0017', 'MB0004', 'MP0002', 714000, '2018-03-24'),
('TR0374/CB0010/TK0001', 'PL0009', 'PG0019', 'MB0003', 'MP0004', 336000, '2018-04-08'),
('TR0375/CB0010/TK0001', 'PL0008', 'PG0019', 'MB0002', 'MP0005', 256000, '2018-04-09'),
('TR0376/CB0001/TK0001', 'PL0004', 'PG0002', 'MB0005', 'MP0004', 683000, '2018-07-23'),
('TR0377/CB0001/TK0001', 'PL0001', 'PG0001', 'MB0003', 'MP0002', 185500, '2018-05-05'),
('TR0378/CB0001/TK0001', 'PL0004', 'PG0001', 'MB0002', 'MP0003', 814000, '2018-04-11'),
('TR0379/CB0002/TK0002', 'PL0001', 'PG0003', 'MB0001', 'MP0001', 420000, '2018-07-24'),
('TR0380/CB0002/TK0002', 'PL0014', 'PG0003', 'MB0003', 'MP0004', 533000, '2018-05-24'),
('TR0381/CB0002/TK0002', 'PL0009', 'PG0004', 'MB0005', 'MP0003', 2311500, '2018-04-04'),
('TR0382/CB0003/TK0003', 'PL0007', 'PG0006', 'MB0005', 'MP0003', 247500, '2018-03-04'),
('TR0383/CB0003/TK0003', 'PL0020', 'PG0006', 'MB0004', 'MP0001', 6258000, '2018-06-11'),
('TR0384/CB0004/TK0003', 'PL0012', 'PG0007', 'MB0003', 'MP0005', 4712000, '2018-04-11'),
('TR0385/CB0004/TK0003', 'PL0001', 'PG0007', 'MB0001', 'MP0005', 1221700, '2018-07-16'),
('TR0386/CB0005/TK0002', 'PL0006', 'PG0010', 'MB0002', 'MP0005', 545000, '2018-04-09'),
('TR0387/CB0005/TK0002', 'PL0014', 'PG0010', 'MB0002', 'MP0004', 692000, '2018-03-28'),
('TR0388/CB0005/TK0002', 'PL0001', 'PG0009', 'MB0002', 'MP0001', 952500, '2018-03-28'),
('TR0389/CB0006/TK0001', 'PL0020', 'PG0012', 'MB0002', 'MP0003', 753200, '2018-07-22'),
('TR0390/CB0006/TK0001', 'PL0009', 'PG0012', 'MB0001', 'MP0005', 1541000, '2018-03-22'),
('TR0391/CB0007/TK0002', 'PL0007', 'PG0013', 'MB0005', 'MP0002', 606000, '2018-07-23'),
('TR0392/CB0007/TK0002', 'PL0005', 'PG0014', 'MB0005', 'MP0002', 422500, '2018-06-02'),
('TR0393/CB0008/TK0003', 'PL0004', 'PG0016', 'MB0005', 'MP0005', 1229500, '2018-07-08'),
('TR0394/CB0008/TK0003', 'PL0003', 'PG0015', 'MB0005', 'MP0001', 551700, '2018-03-08'),
('TR0395/CB0008/TK0003', 'PL0005', 'PG0016', 'MB0004', 'MP0002', 1867500, '2018-04-19'),
('TR0396/CB0009/TK0001', 'PL0020', 'PG0017', 'MB0001', 'MP0005', 1333000, '2018-04-28'),
('TR0397/CB0009/TK0001', 'PL0016', 'PG0017', 'MB0001', 'MP0001', 921000, '2018-03-02'),
('TR0398/CB0009/TK0001', 'PL0018', 'PG0018', 'MB0001', 'MP0004', 1868000, '2018-07-14'),
('TR0399/CB0010/TK0001', 'PL0005', 'PG0019', 'MB0003', 'MP0004', 216000, '2018-06-06'),
('TR0400/CB0010/TK0001', 'PL0020', 'PG0019', 'MB0003', 'MP0004', 196500, '2018-04-23'),
('TR0401/CB0001/TK0001', 'PL0018', 'PG0001', 'MB0004', 'MP0004', 2046000, '2018-06-02'),
('TR0402/CB0001/TK0001', 'PL0013', 'PG0001', 'MB0002', 'MP0003', 439000, '2018-05-03'),
('TR0403/CB0001/TK0001', 'PL0014', 'PG0001', 'MB0005', 'MP0004', 1303500, '2018-03-17'),
('TR0404/CB0002/TK0002', 'PL0018', 'PG0003', 'MB0002', 'MP0001', 657500, '2018-07-10'),
('TR0405/CB0002/TK0002', 'PL0007', 'PG0003', 'MB0001', 'MP0005', 1088500, '2018-07-11'),
('TR0406/CB0002/TK0002', 'PL0018', 'PG0003', 'MB0005', 'MP0002', 1176000, '2018-03-10'),
('TR0407/CB0003/TK0003', 'PL0014', 'PG0005', 'MB0001', 'MP0001', 490000, '2018-07-01'),
('TR0408/CB0003/TK0003', 'PL0017', 'PG0005', 'MB0004', 'MP0002', 2211500, '2018-06-27'),
('TR0409/CB0004/TK0003', 'PL0003', 'PG0007', 'MB0003', 'MP0002', 3854000, '2018-03-09'),
('TR0410/CB0004/TK0003', 'PL0008', 'PG0008', 'MB0002', 'MP0004', 1216300, '2018-07-28'),
('TR0411/CB0005/TK0002', 'PL0020', 'PG0010', 'MB0004', 'MP0002', 495000, '2018-04-19'),
('TR0412/CB0005/TK0002', 'PL0009', 'PG0009', 'MB0004', 'MP0001', 507500, '2018-06-10'),
('TR0413/CB0005/TK0002', 'PL0010', 'PG0009', 'MB0004', 'MP0003', 1350500, '2018-03-27'),
('TR0414/CB0006/TK0001', 'PL0012', 'PG0011', 'MB0003', 'MP0003', 722000, '2018-07-16'),
('TR0415/CB0006/TK0001', 'PL0014', 'PG0011', 'MB0005', 'MP0002', 941000, '2018-06-07'),
('TR0416/CB0007/TK0002', 'PL0007', 'PG0013', 'MB0001', 'MP0005', 685500, '2018-05-04'),
('TR0417/CB0007/TK0002', 'PL0011', 'PG0013', 'MB0001', 'MP0005', 572500, '2018-06-29'),
('TR0418/CB0008/TK0003', 'PL0020', 'PG0016', 'MB0004', 'MP0003', 1393500, '2018-03-28'),
('TR0419/CB0008/TK0003', 'PL0012', 'PG0016', 'MB0003', 'MP0005', 916000, '2018-05-07'),
('TR0420/CB0008/TK0003', 'PL0010', 'PG0016', 'MB0005', 'MP0003', 2076000, '2018-04-20'),
('TR0421/CB0009/TK0001', 'PL0013', 'PG0017', 'MB0001', 'MP0002', 2438000, '2018-05-30'),
('TR0422/CB0009/TK0001', 'PL0012', 'PG0017', 'MB0003', 'MP0001', 139000, '2018-05-18'),
('TR0423/CB0009/TK0001', 'PL0006', 'PG0017', 'MB0004', 'MP0004', 1965500, '2018-05-23'),
('TR0424/CB0010/TK0001', 'PL0004', 'PG0019', 'MB0002', 'MP0004', 174000, '2018-07-08'),
('TR0425/CB0010/TK0001', 'PL0015', 'PG0019', 'MB0005', 'MP0003', 301000, '2018-06-25'),
('TR0426/CB0001/TK0001', 'PL0002', 'PG0002', 'MB0005', 'MP0001', 538000, '2018-07-21'),
('TR0427/CB0001/TK0001', 'PL0006', 'PG0001', 'MB0001', 'MP0002', 321500, '2018-05-22'),
('TR0428/CB0001/TK0001', 'PL0020', 'PG0001', 'MB0001', 'MP0004', 1160500, '2018-07-07'),
('TR0429/CB0002/TK0002', 'PL0017', 'PG0003', 'MB0005', 'MP0003', 380000, '2018-05-05'),
('TR0430/CB0002/TK0002', 'PL0020', 'PG0003', 'MB0004', 'MP0001', 343500, '2018-06-07'),
('TR0431/CB0002/TK0002', 'PL0018', 'PG0004', 'MB0004', 'MP0004', 1272000, '2018-07-13'),
('TR0432/CB0003/TK0003', 'PL0011', 'PG0006', 'MB0005', 'MP0002', 550000, '2018-03-28'),
('TR0433/CB0003/TK0003', 'PL0020', 'PG0006', 'MB0004', 'MP0004', 2463500, '2018-05-22'),
('TR0434/CB0004/TK0003', 'PL0017', 'PG0007', 'MB0004', 'MP0003', 1892000, '2018-06-25'),
('TR0435/CB0004/TK0003', 'PL0008', 'PG0008', 'MB0004', 'MP0002', 1353700, '2018-04-06'),
('TR0436/CB0005/TK0002', 'PL0001', 'PG0009', 'MB0005', 'MP0003', 708000, '2018-07-08'),
('TR0437/CB0005/TK0002', 'PL0018', 'PG0010', 'MB0001', 'MP0002', 1509000, '2018-07-15'),
('TR0438/CB0005/TK0002', 'PL0006', 'PG0009', 'MB0005', 'MP0005', 507000, '2018-03-08'),
('TR0439/CB0006/TK0001', 'PL0002', 'PG0012', 'MB0004', 'MP0002', 411600, '2018-05-07'),
('TR0440/CB0006/TK0001', 'PL0007', 'PG0012', 'MB0003', 'MP0003', 969000, '2018-06-02'),
('TR0441/CB0007/TK0002', 'PL0011', 'PG0013', 'MB0005', 'MP0002', 1428500, '2018-06-08'),
('TR0442/CB0007/TK0002', 'PL0005', 'PG0014', 'MB0004', 'MP0004', 287500, '2018-07-20'),
('TR0443/CB0008/TK0003', 'PL0008', 'PG0016', 'MB0003', 'MP0005', 789000, '2018-06-14'),
('TR0444/CB0008/TK0003', 'PL0003', 'PG0016', 'MB0002', 'MP0002', 695300, '2018-05-25'),
('TR0445/CB0008/TK0003', 'PL0006', 'PG0016', 'MB0005', 'MP0002', 1725000, '2018-05-04'),
('TR0446/CB0009/TK0001', 'PL0014', 'PG0017', 'MB0005', 'MP0003', 1640500, '2018-07-24'),
('TR0447/CB0009/TK0001', 'PL0005', 'PG0018', 'MB0005', 'MP0005', 892000, '2018-03-28'),
('TR0448/CB0009/TK0001', 'PL0017', 'PG0017', 'MB0002', 'MP0005', 1420500, '2018-04-28'),
('TR0449/CB0010/TK0001', 'PL0006', 'PG0019', 'MB0003', 'MP0003', 297000, '2018-06-24'),
('TR0450/CB0010/TK0001', 'PL0015', 'PG0020', 'MB0004', 'MP0001', 539000, '2018-06-29'),
('TR0451/CB0001/TK0001', 'PL0011', 'PG0002', 'MB0001', 'MP0001', 469000, '2018-05-19'),
('TR0452/CB0001/TK0001', 'PL0017', 'PG0002', 'MB0002', 'MP0004', 506000, '2018-05-19'),
('TR0453/CB0001/TK0001', 'PL0010', 'PG0001', 'MB0003', 'MP0005', 2046000, '2018-06-26'),
('TR0454/CB0002/TK0002', 'PL0020', 'PG0003', 'MB0004', 'MP0005', 155000, '2018-07-28'),
('TR0455/CB0002/TK0002', 'PL0012', 'PG0004', 'MB0001', 'MP0005', 689500, '2018-03-25'),
('TR0456/CB0002/TK0002', 'PL0016', 'PG0004', 'MB0003', 'MP0003', 450500, '2018-04-08'),
('TR0457/CB0003/TK0003', 'PL0005', 'PG0005', 'MB0005', 'MP0005', 232500, '2018-05-16'),
('TR0458/CB0003/TK0003', 'PL0013', 'PG0006', 'MB0002', 'MP0003', 4871000, '2018-04-09'),
('TR0459/CB0004/TK0003', 'PL0010', 'PG0007', 'MB0004', 'MP0005', 4015000, '2018-04-10'),
('TR0460/CB0004/TK0003', 'PL0010', 'PG0008', 'MB0002', 'MP0005', 940600, '2018-05-06'),
('TR0461/CB0005/TK0002', 'PL0017', 'PG0010', 'MB0003', 'MP0003', 347000, '2018-07-03'),
('TR0462/CB0005/TK0002', 'PL0019', 'PG0010', 'MB0001', 'MP0002', 1822500, '2018-04-04'),
('TR0463/CB0005/TK0002', 'PL0016', 'PG0009', 'MB0003', 'MP0004', 630500, '2018-05-14'),
('TR0464/CB0006/TK0001', 'PL0017', 'PG0012', 'MB0005', 'MP0005', 517200, '2018-04-02'),
('TR0465/CB0006/TK0001', 'PL0007', 'PG0011', 'MB0005', 'MP0001', 665000, '2018-04-13'),
('TR0466/CB0007/TK0002', 'PL0010', 'PG0013', 'MB0004', 'MP0001', 1373500, '2018-04-24'),
('TR0467/CB0007/TK0002', 'PL0020', 'PG0014', 'MB0004', 'MP0003', 310000, '2018-07-29'),
('TR0468/CB0008/TK0003', 'PL0007', 'PG0016', 'MB0002', 'MP0001', 1123000, '2018-04-06'),
('TR0469/CB0008/TK0003', 'PL0005', 'PG0015', 'MB0001', 'MP0005', 289100, '2018-07-28'),
('TR0470/CB0008/TK0003', 'PL0005', 'PG0016', 'MB0003', 'MP0005', 1840500, '2018-03-18'),
('TR0471/CB0009/TK0001', 'PL0011', 'PG0018', 'MB0001', 'MP0004', 834000, '2018-07-10'),
('TR0472/CB0009/TK0001', 'PL0007', 'PG0017', 'MB0003', 'MP0005', 1325500, '2018-04-20'),
('TR0473/CB0009/TK0001', 'PL0003', 'PG0018', 'MB0004', 'MP0005', 1280500, '2018-07-16'),
('TR0474/CB0010/TK0001', 'PL0016', 'PG0019', 'MB0004', 'MP0003', 318000, '2018-04-10'),
('TR0475/CB0010/TK0001', 'PL0007', 'PG0019', 'MB0001', 'MP0005', 779000, '2018-04-20'),
('TR0476/CB0001/TK0001', 'PL0018', 'PG0001', 'MB0001', 'MP0002', 850000, '2018-05-10'),
('TR0477/CB0001/TK0001', 'PL0014', 'PG0001', 'MB0002', 'MP0002', 268000, '2018-03-30'),
('TR0478/CB0001/TK0001', 'PL0009', 'PG0002', 'MB0005', 'MP0005', 819500, '2018-04-05'),
('TR0479/CB0002/TK0002', 'PL0019', 'PG0004', 'MB0002', 'MP0003', 165000, '2018-04-07'),
('TR0480/CB0002/TK0002', 'PL0002', 'PG0004', 'MB0005', 'MP0001', 1419500, '2018-06-18'),
('TR0481/CB0002/TK0002', 'PL0017', 'PG0003', 'MB0003', 'MP0002', 2922500, '2018-05-30'),
('TR0482/CB0003/TK0003', 'PL0002', 'PG0005', 'MB0001', 'MP0005', 605000, '2018-07-29'),
('TR0483/CB0003/TK0003', 'PL0006', 'PG0006', 'MB0005', 'MP0001', 3884000, '2018-05-23'),
('TR0484/CB0004/TK0003', 'PL0009', 'PG0008', 'MB0001', 'MP0001', 4790000, '2018-03-02'),
('TR0485/CB0004/TK0003', 'PL0007', 'PG0007', 'MB0003', 'MP0003', 906200, '2018-06-29'),
('TR0486/CB0005/TK0002', 'PL0008', 'PG0009', 'MB0003', 'MP0003', 694000, '2018-05-10'),
('TR0487/CB0005/TK0002', 'PL0002', 'PG0010', 'MB0004', 'MP0002', 2441500, '2018-07-23'),
('TR0488/CB0005/TK0002', 'PL0002', 'PG0010', 'MB0001', 'MP0002', 1746000, '2018-05-29'),
('TR0489/CB0006/TK0001', 'PL0001', 'PG0011', 'MB0003', 'MP0002', 704400, '2018-07-29'),
('TR0490/CB0006/TK0001', 'PL0016', 'PG0011', 'MB0002', 'MP0004', 922000, '2018-05-11'),
('TR0491/CB0007/TK0002', 'PL0001', 'PG0013', 'MB0005', 'MP0001', 1001000, '2018-04-05'),
('TR0492/CB0007/TK0002', 'PL0008', 'PG0014', 'MB0003', 'MP0001', 407500, '2018-05-03'),
('TR0493/CB0008/TK0003', 'PL0001', 'PG0016', 'MB0002', 'MP0003', 1367000, '2018-06-02'),
('TR0494/CB0008/TK0003', 'PL0010', 'PG0016', 'MB0005', 'MP0004', 1038700, '2018-05-10'),
('TR0495/CB0008/TK0003', 'PL0003', 'PG0015', 'MB0003', 'MP0003', 745500, '2018-05-01'),
('TR0496/CB0009/TK0001', 'PL0011', 'PG0018', 'MB0002', 'MP0002', 355000, '2018-05-06'),
('TR0497/CB0009/TK0001', 'PL0008', 'PG0018', 'MB0001', 'MP0002', 859500, '2018-07-28'),
('TR0498/CB0009/TK0001', 'PL0009', 'PG0018', 'MB0005', 'MP0003', 2066500, '2018-04-09'),
('TR0499/CB0010/TK0001', 'PL0015', 'PG0020', 'MB0003', 'MP0004', 207000, '2018-07-22'),
('TR0500/CB0010/TK0001', 'PL0003', 'PG0020', 'MB0004', 'MP0003', 804500, '2018-07-01');

--
-- Indexes for dumped tables
--

--
-- Indexes for table `barang`
--
ALTER TABLE `barang`
  ADD PRIMARY KEY (`ID_BARANG`),
  ADD KEY `FK_MEMILIKI_CABANG_BARANG` (`ID_CABANG`),
  ADD KEY `FK_MEMILIK_JENIS_BARANG` (`ID_JENIS`),
  ADD KEY `FK_MENYUPLAI_SUPPLIER_BARANG` (`ID_SUPPLIER`);

--
-- Indexes for table `cabang`
--
ALTER TABLE `cabang`
  ADD PRIMARY KEY (`ID_CABANG`),
  ADD KEY `FK_MEMILIKI_TOKO_CABANG` (`ID_TOKO`),
  ADD KEY `FK_RELATIONSHIP_13` (`ID_KOTA`);

--
-- Indexes for table `detail_transaksi`
--
ALTER TABLE `detail_transaksi`
  ADD PRIMARY KEY (`ID_DETAIL`),
  ADD KEY `FK_RELATIONSHIP_15` (`ID_BARANG`),
  ADD KEY `FK_RELATIONSHIP_16` (`ID_TRANSAKSI`);

--
-- Indexes for table `jenis_barang`
--
ALTER TABLE `jenis_barang`
  ADD PRIMARY KEY (`ID_JENIS`);

--
-- Indexes for table `kota`
--
ALTER TABLE `kota`
  ADD PRIMARY KEY (`ID_KOTA`);

--
-- Indexes for table `pegawai`
--
ALTER TABLE `pegawai`
  ADD PRIMARY KEY (`ID_PEGAWAI`),
  ADD KEY `FK_MEMILIKI_CABANG_PEGAWAI` (`ID_CABANG`),
  ADD KEY `FK_RELATIONSHIP_9` (`ID_ATASAN`);

--
-- Indexes for table `pelanggan`
--
ALTER TABLE `pelanggan`
  ADD PRIMARY KEY (`ID_PELANGGAN`),
  ADD KEY `FK_RELATIONSHIP_12` (`ID_KOTA`);

--
-- Indexes for table `pembayaran`
--
ALTER TABLE `pembayaran`
  ADD PRIMARY KEY (`ID_PEMBAYARAN`);

--
-- Indexes for table `pengiriman`
--
ALTER TABLE `pengiriman`
  ADD PRIMARY KEY (`ID_PENGIRIMAN`);

--
-- Indexes for table `supplier`
--
ALTER TABLE `supplier`
  ADD PRIMARY KEY (`ID_SUPPLIER`),
  ADD KEY `FK_RELATIONSHIP_14` (`ID_KOTA`);

--
-- Indexes for table `toko`
--
ALTER TABLE `toko`
  ADD PRIMARY KEY (`ID_TOKO`);

--
-- Indexes for table `transaksi`
--
ALTER TABLE `transaksi`
  ADD PRIMARY KEY (`ID_TRANSAKSI`),
  ADD KEY `FK_MELAKUKAN` (`ID_PELANGGAN`),
  ADD KEY `FK_MEMPROSES` (`ID_PEGAWAI`),
  ADD KEY `FK_RELATIONSHIP_10` (`ID_PENGIRIMAN`),
  ADD KEY `FK_RELATIONSHIP_11` (`ID_PEMBAYARAN`);

--
-- Ketidakleluasaan untuk tabel pelimpahan (Dumped Tables)
--

--
-- Ketidakleluasaan untuk tabel `barang`
--
ALTER TABLE `barang`
  ADD CONSTRAINT `FK_MEMILIKI_CABANG_BARANG` FOREIGN KEY (`ID_CABANG`) REFERENCES `cabang` (`ID_CABANG`),
  ADD CONSTRAINT `FK_MEMILIK_JENIS_BARANG` FOREIGN KEY (`ID_JENIS`) REFERENCES `jenis_barang` (`ID_JENIS`),
  ADD CONSTRAINT `FK_MENYUPLAI_SUPPLIER_BARANG` FOREIGN KEY (`ID_SUPPLIER`) REFERENCES `supplier` (`ID_SUPPLIER`);

--
-- Ketidakleluasaan untuk tabel `cabang`
--
ALTER TABLE `cabang`
  ADD CONSTRAINT `FK_MEMILIKI_TOKO_CABANG` FOREIGN KEY (`ID_TOKO`) REFERENCES `toko` (`ID_TOKO`),
  ADD CONSTRAINT `FK_RELATIONSHIP_13` FOREIGN KEY (`ID_KOTA`) REFERENCES `kota` (`ID_KOTA`);

--
-- Ketidakleluasaan untuk tabel `detail_transaksi`
--
ALTER TABLE `detail_transaksi`
  ADD CONSTRAINT `FK_RELATIONSHIP_15` FOREIGN KEY (`ID_BARANG`) REFERENCES `barang` (`ID_BARANG`),
  ADD CONSTRAINT `FK_RELATIONSHIP_16` FOREIGN KEY (`ID_TRANSAKSI`) REFERENCES `transaksi` (`ID_TRANSAKSI`);

--
-- Ketidakleluasaan untuk tabel `pegawai`
--
ALTER TABLE `pegawai`
  ADD CONSTRAINT `FK_MEMILIKI_CABANG_PEGAWAI` FOREIGN KEY (`ID_CABANG`) REFERENCES `cabang` (`ID_CABANG`),
  ADD CONSTRAINT `FK_RELATIONSHIP_9` FOREIGN KEY (`ID_ATASAN`) REFERENCES `pegawai` (`ID_PEGAWAI`);

--
-- Ketidakleluasaan untuk tabel `pelanggan`
--
ALTER TABLE `pelanggan`
  ADD CONSTRAINT `FK_RELATIONSHIP_12` FOREIGN KEY (`ID_KOTA`) REFERENCES `kota` (`ID_KOTA`);

--
-- Ketidakleluasaan untuk tabel `supplier`
--
ALTER TABLE `supplier`
  ADD CONSTRAINT `FK_RELATIONSHIP_14` FOREIGN KEY (`ID_KOTA`) REFERENCES `kota` (`ID_KOTA`);

--
-- Ketidakleluasaan untuk tabel `transaksi`
--
ALTER TABLE `transaksi`
  ADD CONSTRAINT `FK_MELAKUKAN` FOREIGN KEY (`ID_PELANGGAN`) REFERENCES `pelanggan` (`ID_PELANGGAN`),
  ADD CONSTRAINT `FK_MEMPROSES` FOREIGN KEY (`ID_PEGAWAI`) REFERENCES `pegawai` (`ID_PEGAWAI`),
  ADD CONSTRAINT `FK_RELATIONSHIP_10` FOREIGN KEY (`ID_PENGIRIMAN`) REFERENCES `pengiriman` (`ID_PENGIRIMAN`),
  ADD CONSTRAINT `FK_RELATIONSHIP_11` FOREIGN KEY (`ID_PEMBAYARAN`) REFERENCES `pembayaran` (`ID_PEMBAYARAN`);
COMMIT;

/*!40101 SET CHARACTER_SET_CLIENT=@OLD_CHARACTER_SET_CLIENT */;
/*!40101 SET CHARACTER_SET_RESULTS=@OLD_CHARACTER_SET_RESULTS */;
/*!40101 SET COLLATION_CONNECTION=@OLD_COLLATION_CONNECTION */;
