<?xml version="1.0" encoding="UTF-8"?>
<project-private xmlns="http://www.netbeans.org/ns/project-private/1">
    <editor-bookmarks xmlns="http://www.netbeans.org/ns/editor-bookmarks/2" lastBookmarkId="0"/>
    <open-files xmlns="http://www.netbeans.org/ns/projectui-open-files/2">
        <group>
            <file>file:/C:/Users/WINDOWS%2010/Documents/NetBeansProjects/TAPBO/src/view/NotulenView.java</file>
            <file>file:/C:/Users/WINDOWS%2010/Documents/NetBeansProjects/TAPBO/src/view/LPJView.java</file>
            <file>file:/C:/Users/WINDOWS%2010/Documents/NetBeansProjects/TAPBO/src/view/JadwalRKetupelView.java</file>
            <file>file:/C:/Users/WINDOWS%2010/Documents/NetBeansProjects/TAPBO/src/model/LPJModel.java</file>
            <file>file:/C:/Users/WINDOWS%2010/Documents/NetBeansProjects/TAPBO/src/controller/NotulenController.java</file>
            <file>file:/C:/Users/WINDOWS%2010/Documents/NetBeansProjects/TAPBO/src/controller/RapatController.java</file>
            <file>file:/C:/Users/WINDOWS%2010/Documents/NetBeansProjects/TAPBO/src/model/NotulenModel.java</file>
            <file>file:/C:/Users/WINDOWS%2010/Documents/NetBeansProjects/TAPBO/src/model/PertemuanModel.java</file>
            <file>file:/C:/Users/WINDOWS%2010/Documents/NetBeansProjects/TAPBO/src/controller/SeminarController.java</file>
            <file>file:/C:/Users/WINDOWS%2010/Documents/NetBeansProjects/TAPBO/src/view/JadwalSKetupelView.java</file>
            <file>file:/C:/Users/WINDOWS%2010/Documents/NetBeansProjects/TAPBO/src/interfaceMiler/InterfaceMiler.java</file>
            <file>file:/C:/Users/WINDOWS%2010/Documents/NetBeansProjects/TAPBO/src/view/StatusRuanganView.java</file>
            <file>file:/C:/Users/WINDOWS%2010/Documents/NetBeansProjects/TAPBO/src/koneksi/koneksi.java</file>
            <file>file:/C:/Users/WINDOWS%2010/Documents/NetBeansProjects/TAPBO/src/view/StatusKunciView.java</file>
            <file>file:/C:/Users/WINDOWS%2010/Documents/NetBeansProjects/TAPBO/src/model/RapatModel.java</file>
            <file>file:/C:/Users/WINDOWS%2010/Documents/NetBeansProjects/TAPBO/src/view/MenuView.java</file>
            <file>file:/C:/Users/WINDOWS%2010/Documents/NetBeansProjects/TAPBO/src/view/LoginView.java</file>
            <file>file:/C:/Users/WINDOWS%2010/Documents/NetBeansProjects/TAPBO/src/view/AnggotaView.java</file>
            <file>file:/C:/Users/WINDOWS%2010/Documents/NetBeansProjects/TAPBO/src/controller/PertemuanController.java</file>
            <file>file:/C:/Users/WINDOWS%2010/Documents/NetBeansProjects/TAPBO/src/view/AdminView.java</file>
            <file>file:/C:/Users/WINDOWS%2010/Documents/NetBeansProjects/TAPBO/src/controller/LoginController.java</file>
            <file>file:/C:/Users/WINDOWS%2010/Documents/NetBeansProjects/TAPBO/src/model/SeminarModel.java</file>
            <file>file:/C:/Users/WINDOWS%2010/Documents/NetBeansProjects/TAPBO/src/view/AddPertemuanView.java</file>
            <file>file:/C:/Users/WINDOWS%2010/Documents/NetBeansProjects/TAPBO/src/controller/LPJController.java</file>
        </group>
    </open-files>
</project-private>
